pairs,OTU_1,OTU_2,Treatment,value
15 18,15,18,E,-1.905315116774551
15 18,15,18,E,-1.9831412321962762
15 18,15,18,E,-1.0859105076895328
15 18,15,18,E,-1.6611810219549994
15 18,15,18,E,-1.2553377081676185
15 18,15,18,E,-1.5768074900683475
15 18,15,18,E,-1.9808361139267476
15 18,15,18,E,-1.1462327177210534
15 18,15,18,E,-1.7604027899524364
15 18,15,18,E,-1.083043316014129
15 18,15,18,E,-1.3182457365112785
15 18,15,18,E,-1.0823769165871058
15 18,15,18,E,-1.6648777853748369
15 18,15,18,E,-1.7829682118212702
15 18,15,18,E,-1.268235208241533
15 18,15,18,E,-1.5949089369448974
15 18,15,18,E,-1.2498333953709622
15 18,15,18,E,-1.5791328912357905
15 18,15,18,E,-1.9603966256004568
15 18,15,18,E,-1.1997678481948821
15 18,15,18,E,-1.6527511471635967
15 18,15,18,E,-1.8871199631137248
15 18,15,18,E,-1.1153202826002828
15 18,15,18,E,-1.642712690262377
15 18,15,18,E,-1.2387000245451623
15 18,15,18,E,-1.7260981878405184
15 18,15,18,E,-1.1801076142999032
15 18,15,18,E,-1.6413139876869243
15 18,15,18,E,-1.1172365912813516
15 18,15,18,E,-1.7149086069546142
15 18,15,18,E,-1.0818449281116929
15 18,15,18,E,-1.3346989304664088
15 18,15,18,E,-1.9808498421608003
15 18,15,18,E,-1.1081395022716096
15 18,15,18,E,-1.6389520273729226
15 18,15,18,E,-1.1774496240664458
15 18,15,18,E,-1.6852566814731638
15 18,15,18,E,-1.0459515868752611
15 18,15,18,E,-1.24667335828319
15 18,15,18,E,-1.2333459717873958
15 18,15,18,E,-1.441795832944383
15 18,15,18,E,-1.1863623703884023
15 18,15,18,E,-1.460760966730241
15 18,15,18,E,-1.224996244422036
15 18,15,18,E,-1.5292971441028327
15 18,15,18,E,-1.2597145800272018
15 18,15,18,E,-1.619949578142952
15 18,15,18,E,-1.2766652910427545
15 18,15,18,E,-1.522275388880464
15 18,15,18,E,-1.3197395161106342
15 18,15,18,E,-1.501682085876193
15 18,15,18,E,-0.9729815786941036
15 18,15,18,E,-1.3196433664643474
15 18,15,18,E,-1.173302894655518
15 18,15,18,E,-1.733986591313013
15 18,15,18,E,-1.9497477647480437
15 18,15,18,E,-1.041055381781779
15 18,15,18,E,-1.8341124872950858
15 18,15,18,E,-1.2042151163601125
15 18,15,18,E,-1.6279300818758535
15 18,15,18,E,-1.1088178968203473
15 18,15,18,E,-1.762378128273344
15 18,15,18,E,-1.1353341523470004
15 18,15,18,E,-1.8848489548184162
15 18,15,18,E,-1.7908149426102142
15 18,15,18,E,-1.2038260536460883
15 18,15,18,E,-1.5788986624303183
15 18,15,18,E,-2.0570808997693733
15 18,15,18,E,-1.2279982038820239
15 18,15,18,E,-1.798699937544867
15 18,15,18,E,-2.01860166725013
15 18,15,18,E,-1.0097639818093305
15 18,15,18,E,-1.5430083541950037
15 18,15,18,E,-1.0406695103256425
15 18,15,18,E,-1.5032833328134534
15 18,15,18,E,-1.3195646979951245
15 18,15,18,E,-1.5581272857903101
15 18,15,18,E,-0.9800524640555595
15 18,15,18,E,-1.5079177448042296
15 18,15,18,E,-1.2257585836875098
15 18,15,18,E,-1.6203219653954297
15 18,15,18,E,-1.2050971865120375
15 18,15,18,E,-1.7661394721491823
15 18,15,18,E,-1.2355310067618055
15 18,15,18,E,-1.6169879885966734
15 18,15,18,E,-1.2379927615608695
15 18,15,18,E,-1.8252971532845124
15 18,15,18,E,-1.9549729159809044
15 18,15,18,E,-1.0108839046124176
15 18,15,18,E,-1.5330689385266785
15 18,15,18,E,-1.289499143802679
15 18,15,18,E,-1.4130608819604487
15 18,15,18,E,-1.1358754312597588
15 18,15,18,E,-1.7268308742798508
15 18,15,18,E,-1.2262847204046472
15 18,15,18,E,-1.787780645449085
15 18,15,18,E,-1.1286270484504903
15 18,15,18,E,-1.742568976643201
15 18,15,18,E,-1.3732215173661477
15 18,15,18,E,-1.6948588784740446
15 18,15,18,E,-1.057153319189754
15 18,15,18,E,-1.3595416456315579
15 18,15,18,E,-1.176726393523975
15 18,15,18,E,-1.6921966523907015
15 18,15,18,E,-1.1299991490071686
15 18,15,18,E,-1.80597698160706
15 18,15,18,E,-1.2382140822962877
15 18,15,18,E,-1.4916937220229158
15 18,15,18,E,-1.2732563450400236
15 18,15,18,E,-1.5416839921380814
15 18,15,18,E,-1.9755499472088993
15 18,15,18,E,-1.1718390131255367
15 18,15,18,E,-1.7882775940331075
15 18,15,18,E,-2.0140528996993883
15 18,15,18,E,-1.9688189045868418
15 18,15,18,E,-1.019652929015045
15 18,15,18,E,-1.61590387418985
15 18,15,18,E,-1.227023598018806
15 18,15,18,E,-1.5918498345635888
15 18,15,18,E,-1.3019317628071423
15 18,15,18,E,-1.614061592283808
15 18,15,18,E,-1.0180336190317243
15 18,15,18,E,-1.4751730585423914
15 18,15,18,E,-1.0080829619559804
15 18,15,18,E,-1.4798872469038087
15 18,15,18,E,-1.1297955580409613
15 18,15,18,E,-1.8060061912067518
15 18,15,18,E,-1.9441360349479853
15 18,15,18,E,-1.0561714567334455
15 18,15,18,E,-1.6304671361160383
15 18,15,18,E,-1.9212447603268994
15 18,15,18,E,-1.180629284701378
15 18,15,18,E,-1.6945385843754868
15 18,15,18,E,-1.1921222846498827
15 18,15,18,E,-1.6539582644330566
15 18,15,18,E,-1.405006553476807
15 18,15,18,E,-1.5212967372858297
15 18,15,18,E,-1.08549875291142
15 18,15,18,E,-1.363008990620194
15 18,15,18,E,-1.1141082608969717
15 18,15,18,E,-1.6331464410649712
15 18,15,18,E,-1.1859266937708863
15 18,15,18,E,-1.815364433864295
15 18,15,18,E,-1.182381311156656
15 18,15,18,E,-1.7247263936609458
15 18,15,18,E,-1.0674442844980248
15 18,15,18,E,-1.277721583047543
15 18,15,18,E,-1.1391103238556806
15 18,15,18,E,-1.5826960764113867
15 18,15,18,E,-1.0766241216132302
15 18,15,18,E,-1.2381287109679058
15 18,15,18,E,-0.9929795398216736
15 18,15,18,E,-1.6973755910965136
15 18,15,18,E,-1.177346967544357
15 18,15,18,E,-1.6915760783703193
15 18,15,18,E,-1.9867646772989953
15 18,15,18,E,-0.9672779704511147
15 18,15,18,E,-1.5714384039736549
15 18,15,18,E,-1.9302982073809474
15 18,15,18,E,-1.0966473592021635
15 18,15,18,E,-1.5899912336473203
15 18,15,18,E,-1.1838941417987554
15 18,15,18,E,-1.6048736241922206
15 18,15,18,E,-1.8237974586131989
15 18,15,18,E,-1.2309480854899915
15 18,15,18,E,-1.5235246965029448
15 18,15,18,E,-1.945414078957911
15 18,15,18,E,-1.356296336921866
15 18,15,18,E,-1.440995370243054
15 18,15,18,E,-1.1416031477419692
15 18,15,18,E,-1.6649432677817704
15 18,15,18,E,-1.097964664146257
15 18,15,18,E,-1.8317940351868864
15 18,15,18,E,-1.208893953855051
15 18,15,18,E,-1.6060463833230538
15 18,15,18,E,-1.9220347478309525
15 18,15,18,E,-1.868011035547239
15 18,15,18,E,-1.2576865706280405
15 18,15,18,E,-1.6376611319229506
15 18,15,18,E,-1.1586605631972817
15 18,15,18,E,-1.4884627739213616
15 18,15,18,E,-1.9831553958461379
15 18,15,18,E,-1.8483082917582359
15 18,15,18,E,-1.197931031430844
15 18,15,18,E,-1.25057671210077
15 18,15,18,E,-2.0347407735053804
15 18,15,18,E,-1.1906641525099726
15 18,15,18,E,-1.5370813544468964
15 18,15,18,E,-1.3587535445357153
15 18,15,18,E,-1.5209106136344386
15 18,15,18,E,-1.8727268037276827
15 18,15,18,E,-1.2406251356843594
15 18,15,18,E,-1.6664825691332423
15 18,15,18,E,-1.112166497278067
15 18,15,18,E,-1.7652469590967095
15 18,15,18,NE,-6.530006795702813
15 18,15,18,NE,-6.4904235617064865
15 18,15,18,NE,-5.088760332669806
15 18,15,18,NE,-5.823940396958596
15 18,15,18,NE,-6.31739111417124
15 18,15,18,NE,-6.883919414626256
15 18,15,18,NE,-8.020620984627158
15 18,15,18,NE,-4.844272710552879
15 18,15,18,NE,-4.760062729684943
15 18,15,18,NE,-7.870142810331958
15 18,15,18,NE,-5.559715968986426
15 18,15,18,NE,-4.661939835257405
15 18,15,18,NE,-5.123815048564815
15 18,15,18,NE,-5.762271740925856
15 18,15,18,NE,-4.557279111110782
15 18,15,18,NE,-5.69995768741169
15 18,15,18,NE,-6.575707330822509
15 18,15,18,NE,-5.849389166439247
15 18,15,18,NE,-6.896476738392104
15 18,15,18,NE,-5.3189106627444005
15 18,15,18,NE,-6.419560131056626
15 18,15,18,NE,-5.636599536597841
15 18,15,18,NE,-5.74883282097011
15 18,15,18,NE,-5.99677353320977
15 18,15,18,NE,-6.896476738392104
15 18,15,18,NE,-5.475272115643604
15 18,15,18,NE,-6.770964743327894
15 18,15,18,NE,-6.389369546665328
15 18,15,18,NE,-5.65687934783359
15 18,15,18,NE,-6.158365232390489
15 18,15,18,NE,-6.3075471162510715
15 18,15,18,NE,-7.684932343754483
15 18,15,18,NE,-6.569087695118692
15 18,15,18,NE,-6.0541520399256505
15 18,15,18,NE,-5.875843947260746
15 18,15,18,NE,-5.854154512677017
15 18,15,18,NE,-6.823599557652265
15 18,15,18,NE,-5.6731102785953045
15 18,15,18,NE,-5.956365031165311
15 18,15,18,NE,-6.180502499417635
15 18,15,18,NE,-5.080621441366271
15 18,15,18,NE,-4.894488266241239
15 18,15,18,NE,-4.4854092816470645
15 18,15,18,NE,-5.381479708199148
15 18,15,18,NE,-5.638778941789749
15 18,15,18,NE,-5.3442057442272475
15 18,15,18,NE,-8.063466184480177
15 18,15,18,NE,-6.049273455010426
15 18,15,18,NE,-5.008683448225525
15 18,15,18,NE,-5.704992853609421
15 18,15,18,NE,-7.073665675164278
15 18,15,18,NE,-6.038393222522365
15 18,15,18,NE,-7.120521480813622
15 18,15,18,NE,-5.715547386216755
15 18,15,18,NE,-5.59521883964855
15 18,15,18,NE,-5.814607857270003
15 18,15,18,NE,-4.359098624595523
15 18,15,18,NE,-5.236470465282797
15 18,15,18,NE,-6.450436911981701
15 18,15,18,NE,-5.605612217559669
15 18,15,18,NE,-5.1638584519917385
15 18,15,18,NE,-7.10272811435878
15 18,15,18,NE,-6.2395708812359345
15 18,15,18,NE,-4.934213141707241
15 18,15,18,NE,-6.801413975092514
15 18,15,18,NE,-5.388559502195638
15 18,15,18,NE,-7.037673840452652
15 18,15,18,NE,-4.602584737152268
15 18,15,18,NE,-6.304396740956655
15 18,15,18,NE,-5.309802354148279
15 18,15,18,NE,-4.834086342116458
15 18,15,18,NE,-5.7151932900686155
15 18,15,18,NE,-5.358596457080855
15 18,15,18,NE,-6.847538176552181
15 18,15,18,NE,-5.437129318879198
15 18,15,18,NE,-5.916234414332465
15 18,15,18,NE,-5.684064775358691
15 18,15,18,NE,-7.732761790994774
15 18,15,18,NE,-5.581931228335102
15 18,15,18,NE,-5.193006304060635
15 18,15,18,NE,-7.986611641414876
15 18,15,18,NE,-5.314629966216812
15 18,15,18,NE,-5.308733365823912
15 18,15,18,NE,-7.085208984333003
15 18,15,18,NE,-6.444107421370898
15 18,15,18,NE,-4.863356373382899
15 18,15,18,NE,-4.964459498231695
15 18,15,18,NE,-6.236068104436644
15 18,15,18,NE,-5.629152332519129
15 18,15,18,NE,-6.6773856618359355
15 18,15,18,NE,-5.150249225198346
15 18,15,18,NE,-6.361505055176464
15 18,15,18,NE,-6.061625866590713
15 18,15,18,NE,-7.131651474680878
15 18,15,18,NE,-7.267104946852085
15 18,15,18,NE,-6.468900552595035
15 18,15,18,NE,-5.043517511789126
15 18,15,18,NE,-7.256232444644282
15 18,15,18,NE,-4.725960757657756
15 18,15,18,NE,-6.092443712397021
15 18,15,18,NE,-6.615794653765157
15 18,15,18,NE,-7.6879251142654015
15 18,15,18,NE,-7.066175283929539
15 18,15,18,NE,-5.127742561837474
15 18,15,18,NE,-6.121998999879492
15 18,15,18,NE,-5.788323993852171
15 18,15,18,NE,-5.327278483141069
15 18,15,18,NE,-6.355399641574946
15 18,15,18,NE,-5.673153436871132
15 18,15,18,NE,-4.9731598418823895
15 18,15,18,NE,-6.990503603690005
15 18,15,18,NE,-4.683202097690722
15 18,15,18,NE,-6.364640414091117
15 18,15,18,NE,-6.9180655070819626
15 18,15,18,NE,-5.956423527384263
15 18,15,18,NE,-4.5234689632919896
15 18,15,18,NE,-6.4082822830253745
15 18,15,18,NE,-4.577827788652597
15 18,15,18,NE,-6.444214212398688
15 18,15,18,NE,-7.686275266134104
15 18,15,18,NE,-5.197855861988861
15 18,15,18,NE,-6.341952329558657
15 18,15,18,NE,-5.862470738271909
15 18,15,18,NE,-4.6863150745818265
15 18,15,18,NE,-6.389789876781355
15 18,15,18,NE,-6.567257039800315
15 18,15,18,NE,-5.277870490510349
15 18,15,18,NE,-6.361047496954875
15 18,15,18,NE,-5.3132448816519124
15 18,15,18,NE,-5.456833624026655
15 18,15,18,NE,-7.81135479514414
15 18,15,18,NE,-6.276930183723916
15 18,15,18,NE,-6.259163882304164
15 18,15,18,NE,-5.770689964304049
15 18,15,18,NE,-4.783099336968519
15 18,15,18,NE,-5.899599835168741
15 18,15,18,NE,-6.464406631639135
15 18,15,18,NE,-6.42175954842547
15 18,15,18,NE,-5.441846567201711
15 18,15,18,NE,-6.1782741183917755
15 18,15,18,NE,-5.553318803675307
15 18,15,18,NE,-6.5707527164749555
15 18,15,18,NE,-5.975347604796601
15 18,15,18,NE,-6.499465986391644
15 18,15,18,NE,-6.443646205156555
15 18,15,18,NE,-4.995360798317489
15 18,15,18,NE,-5.648467181430003
15 18,15,18,NE,-6.053713388628892
15 18,15,18,NE,-6.453124078285775
15 18,15,18,NE,-6.222871730890917
15 18,15,18,NE,-5.370126360538425
15 18,15,18,NE,-6.2136995313388415
15 18,15,18,NE,-4.741870296813525
15 18,15,18,NE,-5.748847253047837
15 18,15,18,NE,-6.375983392190606
15 18,15,18,NE,-5.735820597971931
15 18,15,18,NE,-7.478178993464232
15 18,15,18,NE,-5.066698857403776
15 18,15,18,NE,-6.1484382228185535
15 18,15,18,NE,-5.2213263766450835
15 18,15,18,NE,-6.486851025903239
15 18,15,18,NE,-6.836004373118888
15 18,15,18,NE,-6.933390834657309
15 18,15,18,NE,-7.20504329717595
15 18,15,18,NE,-5.304228223702363
15 18,15,18,NE,-7.487526824028004
15 18,15,18,NE,-5.814573548753263
15 18,15,18,NE,-6.427220458949138
15 18,15,18,NE,-4.964459498231695
15 18,15,18,NE,-7.430011712693526
15 18,15,18,NE,-7.234287070519447
15 18,15,18,NE,-6.264845448902891
15 18,15,18,NE,-6.447593739022192
15 18,15,18,NE,-5.409884842878691
15 18,15,18,NE,-5.528689930018476
15 18,15,18,NE,-6.462484003103396
15 18,15,18,NE,-5.801304705556279
15 18,15,18,NE,-6.553481235916545
15 18,15,18,NE,-5.405441212328644
15 18,15,18,NE,-6.010852361294517
15 18,15,18,NE,-5.976854077407039
15 18,15,18,NE,-5.170910327437646
15 18,15,18,NE,-6.711642320703746
15 18,15,18,NE,-5.976212828703491
15 18,15,18,NE,-5.761909966540247
15 18,15,18,NE,-5.037309042033897
15 18,15,18,NE,-5.687034930052968
15 18,15,18,NE,-6.138302489553124
15 18,15,18,NE,-6.210712225611643
15 18,15,18,NE,-5.613511288897698
15 18,15,18,NE,-5.974394356002027
15 18,15,18,NE,-5.230989820328468
15 18,15,18,NE,-5.327907741509875
15 18,15,18,NE,-6.429221577378606
15 18,15,18,NE,-7.573533599883378
15 18,15,18,NE,-5.207553927003936
15 18,15,18,NE,-5.893784116801267
15 18,15,18,NE,-5.552591088883274
15 18,15,18,NE,-5.045625269930033
15 18,15,18,NE,-5.79130578314916
15 20,15,20,E,-0.39894030400677966
15 20,15,20,E,-1.0849246665847407
15 20,15,20,E,-1.2866287241884926
15 20,15,20,E,-0.5157744208057354
15 20,15,20,E,-0.2779878031316171
15 20,15,20,E,-0.4922627016953276
15 20,15,20,E,-0.005893611624449002
15 20,15,20,E,0.5366419626434877
15 20,15,20,E,0.10825999073624934
15 20,15,20,E,0.07481892250475448
15 20,15,20,E,-0.18798310394517256
15 20,15,20,E,-0.18615364561196132
15 20,15,20,E,-0.2321427297322503
15 20,15,20,E,-0.481110679436457
15 20,15,20,E,-0.09256926805852855
15 20,15,20,E,-0.12349822497420988
15 20,15,20,E,-0.1253029409177598
15 20,15,20,E,-0.05227209753389891
15 20,15,20,E,0.32748198476294293
15 20,15,20,E,-0.4391658582727371
15 20,15,20,E,-0.34814153434631795
15 20,15,20,E,-0.2321427297322503
15 20,15,20,E,-0.5332964688187477
15 20,15,20,E,-0.1609255141872803
15 20,15,20,E,0.03605621879660636
15 20,15,20,E,0.03950368147233213
15 20,15,20,E,-1.2229217543425461
15 20,15,20,E,-1.5679819492266764
15 20,15,20,E,0.04359337253438156
15 20,15,20,E,-0.6750043656006166
15 20,15,20,E,0.04189064674211474
15 20,15,20,E,-0.27643891557328
15 20,15,20,E,-0.09295714988569667
15 20,15,20,E,-1.0356171222476158
15 20,15,20,E,-1.3412932928093022
15 20,15,20,E,-0.4607088473654288
15 20,15,20,E,0.18919920180890165
15 20,15,20,E,0.18119344335679302
15 20,15,20,E,0.006516676172318592
15 20,15,20,E,0.2623637052518536
15 20,15,20,E,-0.9101665369167393
15 20,15,20,E,-1.3841450926457683
15 20,15,20,E,-1.1383997652424047
15 20,15,20,E,-1.5382465458386074
15 20,15,20,E,-0.4825434008510216
15 20,15,20,E,0.15436075408178543
15 20,15,20,E,-0.43944447389126734
15 20,15,20,NE,-0.567445195109639
15 20,15,20,NE,-0.6051302000149379
15 20,15,20,NE,0.013135641205229791
15 20,15,20,NE,-0.1418816210650862
15 20,15,20,NE,1.1946013306045258
15 20,15,20,NE,0.4047397703638241
15 20,15,20,NE,-0.5303258124984486
15 20,15,20,NE,0.22145135984208955
15 20,15,20,NE,0.7193879507833427
15 20,15,20,NE,-0.5130124646135729
15 20,15,20,NE,-1.1953759524503056
15 20,15,20,NE,0.22145135984208955
15 20,15,20,NE,-0.7368317342125827
15 20,15,20,NE,-1.5629821584848296
15 20,15,20,NE,0.20271575203687398
15 20,15,20,NE,0.3511005683236482
15 20,15,20,NE,0.12094684721964041
15 20,15,20,NE,0.6105610840652156
15 20,15,20,NE,0.7835348827584274
15 20,15,20,NE,0.3292460909856769
15 20,15,20,NE,0.1512976762531863
15 20,15,20,NE,-0.7840063749640086
15 20,15,20,NE,-1.2657625192021447
15 20,15,20,NE,0.9592955095068246
15 20,15,20,NE,0.12188899640443848
15 20,15,20,NE,-0.6616158037256533
15 20,15,20,NE,-1.2612108112059341
15 20,15,20,NE,-0.23758494891716195
15 20,15,20,NE,0.9360442078913781
15 20,15,20,NE,0.14676443150899965
15 20,15,20,NE,-0.016992155664178884
15 20,15,20,NE,-0.4718510758692421
15 20,15,20,NE,-0.7840063749640086
15 20,15,20,NE,-1.2657625192021447
15 20,15,20,NE,0.3018963037797485
15 20,15,20,NE,-0.31520955265711653
15 20,15,20,NE,0.13533881212762014
15 20,15,20,NE,-0.4546610815380112
15 20,15,20,NE,-0.5503139641153794
15 20,15,20,NE,-0.3676860868339205
15 20,15,20,NE,-0.6276978792038591
15 20,15,20,NE,-0.052549542450670214
15 20,15,20,NE,-0.07962873807582987
15 20,15,20,NE,0.1390833419600617
15 20,15,20,NE,0.6781480685083559
15 20,15,20,NE,-0.20313926697107865
15 20,15,20,NE,0.5424309506019694
15 20,15,20,NE,-0.1821870537630684
15 20,15,20,NE,-0.7334033496908635
15 20,15,20,NE,-1.272017126723527
15 20,15,20,NE,-0.6796701833515745
15 20,15,20,NE,0.7935758313793442
15 20,15,20,NE,-0.20823140270689405
15 20,15,20,NE,-0.3065670363094496
15 20,15,20,NE,-0.018071798248680486
15 20,15,20,NE,-0.23560584047013813
15 20,15,20,NE,0.8655939065570527
15 20,15,20,NE,-0.23387941168206075
15 20,15,20,NE,-0.18667639387039975
15 23,15,23,E,0.1341423233173909
15 23,15,23,E,-1.4661120903330889
15 23,15,23,E,0.2593260943986057
15 23,15,23,E,-0.19946479145482676
15 23,15,23,E,0.018118687261683374
15 23,15,23,E,0.019970832535245425
15 23,15,23,E,-1.4346276280714805
15 23,15,23,E,-0.17531376871200866
15 23,15,23,E,-0.18684098060877574
15 23,15,23,E,-1.354876704599934
15 23,15,23,E,0.04063012802626569
15 23,15,23,E,0.10687394635507264
15 23,15,23,E,-1.2508563095320946
15 23,15,23,E,-0.14619566242909096
15 23,15,23,E,0.2322468538598738
15 23,15,23,E,0.03745469292090352
15 23,15,23,E,0.23680060525724578
15 23,15,23,E,-1.1529538761767373
15 23,15,23,E,-1.205131395731897
15 23,15,23,E,0.04968504353726497
15 23,15,23,E,0.03421288073402838
15 23,15,23,E,0.011154785467109789
15 23,15,23,E,0.07071842445163966
15 23,15,23,E,-1.1934018598255804
15 23,15,23,E,-0.12234103384462817
15 23,15,23,E,0.05693801684381787
15 23,15,23,E,0.05057579534462169
15 23,15,23,E,-1.2002040357216492
15 23,15,23,E,-0.9915981224714716
15 23,15,23,E,0.04132386099034455
15 23,15,23,E,-1.2004335633186565
15 23,15,23,E,-0.27694918223183135
15 23,15,23,E,0.059291161630351925
15 23,15,23,E,-0.21595962274533648
15 23,15,23,E,-1.1944034991402148
15 23,15,23,E,-1.229413666377476
15 23,15,23,E,-0.1248213133446493
15 23,15,23,E,-0.29913251010432135
15 23,15,23,E,0.011516048798203468
15 23,15,23,E,-0.22988338814170367
15 23,15,23,E,-0.16161200459984623
15 23,15,23,E,0.01172447652372897
15 23,15,23,E,-0.012252998324429042
15 23,15,23,E,-1.2042034872617826
15 23,15,23,E,-0.012033129379403635
15 23,15,23,NE,-0.6732358100120591
15 23,15,23,NE,-0.3829674042590415
15 23,15,23,NE,-0.5190119365326625
15 23,15,23,NE,-0.4800524685091145
15 23,15,23,NE,-0.856697148891346
15 23,15,23,NE,-0.6100831611101099
15 23,15,23,NE,-0.8271927432537993
15 23,15,23,NE,-0.6991423746451454
15 23,15,23,NE,-0.8536186668188364
15 23,15,23,NE,-0.685682089863176
15 23,15,23,NE,-0.75760533792999
15 23,15,23,NE,-0.7931395205668242
15 23,15,23,NE,-0.3958193554937188
15 23,15,23,NE,-0.5316784855895637
15 23,15,23,NE,-0.7535956553265538
15 23,15,23,NE,-0.7302857202706081
15 23,15,23,NE,-0.8644099485474575
15 23,15,23,NE,-0.912590797614268
15 23,15,23,NE,-0.7886290195496998
15 23,15,23,NE,-0.8594699841346172
15 23,15,23,NE,-0.8391522666241996
15 23,15,23,NE,-0.9695881632195671
15 23,15,23,NE,-0.8290529861288541
15 23,15,23,NE,-1.0158209236008322
15 23,15,23,NE,-0.8957310311217981
15 23,15,23,NE,-1.3705458333288076
15 23,15,23,NE,-0.3499001605690413
15 23,15,23,NE,-0.3206530804778259
15 23,15,23,NE,-0.83504786472672
15 23,15,23,NE,-0.645225900255304
15 23,15,23,NE,-0.16986391273499454
15 23,15,23,NE,-0.43902958594689545
15 23,15,23,NE,-0.5011524638340354
15 23,15,23,NE,-0.5569002049440337
15 23,15,23,NE,-0.6571857585429846
15 23,15,23,NE,-0.6315622051764896
15 23,15,23,NE,-0.9079418148176261
15 23,15,23,NE,-0.594194573949723
15 23,15,23,NE,-0.2754607014518916
15 23,15,23,NE,-0.5600381850591086
15 23,15,23,NE,-0.6097436214595677
15 23,15,23,NE,-0.10766498882863522
15 23,15,23,NE,-0.2713799271225907
15 23,15,23,NE,-0.7471280416004548
15 23,15,23,NE,-1.1117691537282846
15 23,15,23,NE,-0.7759920722674537
15 23,15,23,NE,-0.5287436910388413
15 23,15,23,NE,-0.8222369696695041
15 23,15,23,NE,-0.8254816718207546
15 23,15,23,NE,-0.9398471675344554
15 23,15,23,NE,-0.725109650625213
15 23,15,23,NE,-0.8137584508782297
15 23,15,23,NE,-0.3860832166026332
15 23,15,23,NE,-0.46640904564980196
15 23,15,23,NE,-0.162834358994818
15 23,15,23,NE,-0.26781774859665197
15 23,15,23,NE,-1.163573234577779
15 23,15,23,NE,-0.4400725349115749
15 23,15,23,NE,-0.5018004731476416
15 23,15,23,NE,-0.797601540440819
15 23,15,23,NE,-0.7114843637946385
15 23,15,23,NE,-0.6282027830730168
15 23,15,23,NE,-1.1406470513346025
15 23,15,23,NE,-0.9007171233504022
15 23,15,23,NE,-0.3951803254116707
15 23,15,23,NE,-0.5089411893102257
15 23,15,23,NE,-0.45616712674814813
15 23,15,23,NE,-0.31272179017796004
15 23,15,23,NE,-0.5218764595038108
15 23,15,23,NE,-0.8299869420234225
15 23,15,23,NE,-0.5373005254504225
15 23,15,23,NE,-0.601223827791201
15 23,15,23,NE,-0.7554632307574272
15 23,15,23,NE,-0.647137859785969
15 23,15,23,NE,-0.8589722500537968
15 23,15,23,NE,-0.29066824658341783
15 23,15,23,NE,-0.4187446789536784
15 23,15,23,NE,-0.871962839204587
15 23,15,23,NE,-0.933777657374868
15 23,15,23,NE,-1.067398755295128
15 23,15,23,NE,-0.2834288208719568
15 23,15,23,NE,-0.6106394024534797
15 23,15,23,NE,-0.1414134382243285
15 23,15,23,NE,-0.6445097135030937
15 23,15,23,NE,-0.8370386725731888
15 23,15,23,NE,-1.257823604906558
15 23,15,23,NE,-0.8479238406950328
15 23,15,23,NE,-0.17985540026084595
15 23,15,23,NE,-0.9946565930697681
15 23,15,23,NE,-0.8675019602190431
15 23,15,23,NE,-0.048021361386171094
15 23,15,23,NE,-0.639332234450179
15 23,15,23,NE,-0.6325208410569625
15 23,15,23,NE,-0.41743051676347576
15 23,15,23,NE,-0.49392360008400077
15 23,15,23,NE,-1.0432961688730544
15 23,15,23,NE,-0.9034589799966801
15 23,15,23,NE,-0.6515049988732752
15 23,15,23,NE,-0.6437913759770371
15 23,15,23,NE,-0.8813169766604922
15 23,15,23,NE,-0.7153079412537049
15 23,15,23,NE,-0.15000291014134268
15 23,15,23,NE,-0.6519167294419211
15 23,15,23,NE,-0.7201244156488912
15 23,15,23,NE,-0.9523826889623611
15 23,15,23,NE,-0.7135264567999452
15 23,15,23,NE,-0.8348618915026428
15 23,15,23,NE,-0.21088784416568704
15 23,15,23,NE,-0.677959484499002
15 23,15,23,NE,-0.5891633267969489
15 23,15,23,NE,-0.5608864797935996
15 23,15,23,NE,-0.869918105255352
15 23,15,23,NE,-0.04054124073385611
15 23,15,23,NE,-1.1650021488577327
15 23,15,23,NE,-0.8743209013863761
15 23,15,23,NE,-0.8889391043671624
15 23,15,23,NE,-0.8427829668832424
15 23,15,23,NE,-0.13876001962014667
15 23,15,23,NE,-0.3405478283636277
15 23,15,23,NE,-0.2514667674108465
15 23,15,23,NE,-0.7620870189536032
15 23,15,23,NE,-0.7113296705811785
15 23,15,23,NE,-0.7278921826523354
15 23,15,23,NE,-0.6946139528253278
18 20,18,20,E,-4.0496198035451885
18 20,18,20,E,-4.772152710601192
18 20,18,20,E,-5.02987042493953
18 20,18,20,E,-4.1094077620724425
18 20,18,20,E,-4.706980584474383
18 20,18,20,E,-5.502613964066993
18 20,18,20,E,-4.047913601145712
18 20,18,20,E,-4.408178547481966
18 20,18,20,E,-5.85307689580679
18 20,18,20,E,-4.306917329991212
18 20,18,20,E,-5.794090105632418
18 20,18,20,E,-3.8555600931339313
18 20,18,20,E,-4.005253554829125
18 20,18,20,E,-4.399344975691298
18 20,18,20,E,-4.02906006817403
18 20,18,20,E,-4.858259485223835
18 20,18,20,E,-5.258106909412071
18 20,18,20,E,-4.8496033841126245
18 20,18,20,E,-4.419821564686487
18 20,18,20,E,-4.181812267398124
18 20,18,20,E,-5.432489932172167
18 20,18,20,E,-5.447740588045747
18 20,18,20,E,-3.865669399739567
18 20,18,20,E,-5.315279387843245
18 20,18,20,E,-5.0151219748626605
18 20,18,20,E,-4.322732279725697
18 20,18,20,E,-5.5958782879566815
18 20,18,20,E,-4.266755282098874
18 20,18,20,E,-4.021368084821852
18 20,18,20,E,-3.9875599216665676
18 20,18,20,E,-5.608707649660605
18 20,18,20,E,-4.754695985201298
18 20,18,20,NE,-0.3390260693057466
18 20,18,20,NE,2.349231059728739
18 20,18,20,NE,1.6620700473547123
18 20,18,20,NE,-0.2024452662508996
18 20,18,20,NE,-0.4539583002664156
18 20,18,20,NE,-0.18374386238557258
18 20,18,20,NE,1.4585927367992844
18 20,18,20,NE,-3.0663920156271627
18 20,18,20,NE,0.1034710407351593
18 20,18,20,NE,0.4946918532510969
18 20,18,20,NE,0.2785343374628125
18 20,18,20,NE,0.17033552277839956
18 20,18,20,NE,-1.1670746257547184
18 20,18,20,NE,0.3118845420904184
18 20,18,20,NE,-0.1099346357148001
18 20,18,20,NE,1.2320862090965439
18 20,18,20,NE,-0.11362194778808947
18 20,18,20,NE,1.9740375503581369
18 20,18,20,NE,-0.4227813121960301
18 20,18,20,NE,1.3102650040521155
18 20,18,20,NE,0.31017577406852526
18 20,18,20,NE,0.571181963218495
18 20,18,20,NE,-0.4539583002664156
18 20,18,20,NE,4.40606406494524e-4
18 20,18,20,NE,-1.5465313777070477
18 20,18,20,NE,0.17084376457544898
18 20,18,20,NE,-0.14398201161975685
18 20,18,20,NE,0.0758948494802931
18 20,18,20,NE,0.30618374632324663
18 20,18,20,NE,-0.09114503873228952
18 20,18,20,NE,-0.4045644276926226
18 20,18,20,NE,-0.32482617044004736
18 20,18,20,NE,-0.1029084329906722
18 20,18,20,NE,-0.1567195175877197
18 20,18,20,NE,-0.5090533231565849
18 20,18,20,NE,0.3998067939684066
18 20,18,20,NE,0.058907128985887514
18 20,18,20,NE,-0.14278435842311257
18 20,18,20,NE,1.4732548835762027
18 20,18,20,NE,2.0835164003552373
18 20,18,20,NE,1.4063410916145869
18 20,18,20,NE,0.6297576050831288
18 20,18,20,NE,0.27857159538039705
18 20,18,20,NE,2.6331770455572117
18 20,18,20,NE,0.22347620317636002
18 20,18,20,NE,-0.4414488896858377
18 20,18,20,NE,-1.0849221455475504
18 20,18,20,NE,0.5401329431273914
18 20,18,20,NE,-0.2586963050668773
18 20,18,20,NE,0.7908329040892064
18 20,18,20,NE,-0.3645810960753003
18 20,18,20,NE,0.571181963218495
18 20,18,20,NE,-0.19760026614010837
18 20,18,20,NE,-1.4591150416032186
18 20,18,20,NE,0.30626489207468466
18 20,18,20,NE,0.24649497340633686
18 20,18,20,NE,0.025000960485485894
18 20,18,20,NE,1.2855521610946619
18 20,18,20,NE,-0.5943044485518963
18 20,18,20,NE,-2.3461513602634745
18 20,18,20,NE,1.103247869931222
18 20,18,20,NE,1.4479371297018522
18 20,18,20,NE,-0.3777494588672387
18 20,18,20,NE,-1.1713485291131072
18 20,18,20,NE,-1.5622810011588215
18 23,18,23,E,-0.07396728281065652
18 23,18,23,E,-0.2253642695663136
18 23,18,23,E,-0.23850047850315015
18 23,18,23,E,0.6669195654784328
18 23,18,23,E,0.1697302009943785
18 23,18,23,E,0.55436740063652
18 23,18,23,E,-0.3499968518299294
18 23,18,23,E,0.39138456198068483
18 23,18,23,E,-2.7447060370199066
18 23,18,23,E,0.7641177338125653
18 23,18,23,E,0.10101569123642555
18 23,18,23,E,-0.7883620375586892
18 23,18,23,E,-0.4187223618638082
18 23,18,23,E,-0.4069712565182209
18 23,18,23,E,-0.6150024238804229
18 23,18,23,E,-0.8526763474380592
18 23,18,23,E,-0.3804179526598719
18 23,18,23,E,0.5136603729652713
18 23,18,23,E,0.7464508307061402
18 23,18,23,E,0.1545967879841185
18 23,18,23,E,-0.30614054684122227
18 23,18,23,E,0.4407932761373721
18 23,18,23,E,-2.6382590119297977
18 23,18,23,E,-2.4063493648528436
18 23,18,23,E,-0.8651191117782515
18 23,18,23,E,0.36134744407600017
18 23,18,23,E,-2.1362548348912984
18 23,18,23,E,-0.8918358395584979
18 23,18,23,E,-0.3553657930483912
18 23,18,23,E,-0.04098541749124346
18 23,18,23,E,-0.5429706556921872
18 23,18,23,E,0.7400824703552784
18 23,18,23,E,0.14320394985600288
18 23,18,23,E,-2.7346024813337597
18 23,18,23,E,-2.25013323896847
18 23,18,23,E,-0.034922179940528854
18 23,18,23,E,0.9590153882397214
18 23,18,23,E,-2.155856204127495
18 23,18,23,E,-0.5743219447686424
18 23,18,23,E,-0.5220094717758428
18 23,18,23,E,-0.26940554426473995
18 23,18,23,E,-1.3635809206047256
18 23,18,23,E,-2.278766034711267
18 23,18,23,E,-0.8648249516441858
18 23,18,23,E,-0.1259563045365146
18 23,18,23,E,0.3919363924380014
18 23,18,23,E,-2.215029488001379
18 23,18,23,E,-2.2359779971488485
18 23,18,23,E,0.3582714050199694
18 23,18,23,E,-2.2223233307203483
18 23,18,23,E,0.47938761771305055
18 23,18,23,E,-0.2768980227364609
18 23,18,23,E,-0.5275282255847455
18 23,18,23,E,-0.5676049832765263
18 23,18,23,E,0.8454875662260055
18 23,18,23,E,-2.7244966747802133
18 23,18,23,E,-0.47947179571873255
18 23,18,23,E,0.06837448100777269
18 23,18,23,E,0.26508876406028936
18 23,18,23,E,-0.6119561768771964
18 23,18,23,E,0.7850052402635262
18 23,18,23,E,-0.8377902087122511
18 23,18,23,E,-0.21055404999080984
18 23,18,23,E,-0.06147134765789048
18 23,18,23,E,0.35031604442585856
18 23,18,23,E,0.6926734938712155
18 23,18,23,E,-2.183362102109315
18 23,18,23,E,-2.5377217475252314
18 23,18,23,E,-2.6289435786506306
18 23,18,23,E,0.7409799828418863
18 23,18,23,E,-2.317525701780723
18 23,18,23,E,0.3557168179236215
18 23,18,23,E,0.15660910635734027
18 23,18,23,E,-2.0320300020489657
18 23,18,23,E,0.5225075630214168
18 23,18,23,E,0.7927344990897099
18 23,18,23,E,-0.3136974220551223
18 23,18,23,E,0.6946966253114538
18 23,18,23,E,-0.4208235748897068
18 23,18,23,E,-0.6392869345193294
18 23,18,23,E,0.1848221245285703
18 23,18,23,E,-0.3945876877907508
18 23,18,23,E,-0.7864524681967334
18 23,18,23,E,-2.482257488432603
18 23,18,23,E,0.5629015536878924
18 23,18,23,E,-0.7059327562262785
18 23,18,23,E,-2.421797730891275
18 23,18,23,E,-0.7861322061504007
18 23,18,23,E,-2.3618818971002193
18 23,18,23,E,0.8308701711974514
18 23,18,23,E,-0.7900467630693061
18 23,18,23,E,0.622926272298619
18 23,18,23,E,-1.4125271151366074
18 23,18,23,E,-2.191485791752719
18 23,18,23,E,-1.271329244656222
18 23,18,23,E,-2.6636697881996874
18 23,18,23,E,-2.5234349968610594
18 23,18,23,E,-0.3199991155369552
18 23,18,23,E,-2.163386562602017
18 23,18,23,E,-0.23507341024475145
18 23,18,23,E,0.8024319306443564
18 23,18,23,E,-0.34192647631545664
18 23,18,23,E,-1.554344626906261
18 23,18,23,E,-2.000939750109324
18 23,18,23,E,-0.0824913936135016
18 23,18,23,E,0.33573730306860544
18 23,18,23,E,-2.208197151108894
18 23,18,23,E,-0.3953060292265874
18 23,18,23,E,-0.14718992545828224
18 23,18,23,E,-2.4727871383805495
18 23,18,23,E,-0.8673867680501441
18 23,18,23,E,-1.5198303678124518
18 23,18,23,E,0.1524924825929401
18 23,18,23,E,0.5534407719090523
18 23,18,23,E,0.5005477082859481
18 23,18,23,E,-0.9426027597423212
18 23,18,23,E,-2.0679952584922816
18 23,18,23,E,-2.1299466715926987
18 23,18,23,E,-2.130334813199316
18 23,18,23,E,0.7592918174064709
18 23,18,23,E,-0.8894510916546654
18 23,18,23,E,-2.4194270664127937
18 23,18,23,E,-2.6043876696573314
18 23,18,23,E,-0.9380907470893707
18 23,18,23,E,0.6945138375153485
18 23,18,23,E,0.6807010610309194
18 23,18,23,E,0.10013506470395031
18 23,18,23,E,-0.10848903475329856
18 23,18,23,E,-0.07156324810481554
18 23,18,23,E,-2.349048403677997
18 23,18,23,NE,-0.5464808816545084
18 23,18,23,NE,-1.1532939972475449
18 23,18,23,NE,-2.0215991100267234
18 23,18,23,NE,-1.3695697726041673
18 23,18,23,NE,-1.9921738295342533
18 23,18,23,NE,-0.5796458171514409
18 23,18,23,NE,-1.0757281698639396
18 23,18,23,NE,-0.5653719779218828
18 23,18,23,NE,-2.1296715755099362
18 23,18,23,NE,-2.203343816091505
18 23,18,23,NE,-0.6114828417222294
18 23,18,23,NE,-2.102303369544367
18 23,18,23,NE,-0.6755340527275642
18 23,18,23,NE,-2.252426079502737
18 23,18,23,NE,-2.4674135972423246
18 23,18,23,NE,-0.558131135507394
18 23,18,23,NE,-1.978964730052888
18 23,18,23,NE,-0.40982692405482607
18 23,18,23,NE,-1.4679827645087677
18 23,18,23,NE,-0.7258528694138328
18 23,18,23,NE,-2.4578877330735125
18 23,18,23,NE,-2.631429758727487
18 23,18,23,NE,-2.7689796323614084
18 23,18,23,NE,-0.6615991783984845
18 23,18,23,NE,-2.0209771009755366
18 23,18,23,NE,-0.575235374577493
18 23,18,23,NE,-0.7379359008622303
18 23,18,23,NE,-1.9446403785117907
18 23,18,23,NE,-2.0405081988212546
18 23,18,23,NE,-0.3046713985542452
18 23,18,23,NE,-2.2593480464640487
18 23,18,23,NE,-2.215805884548316
18 23,18,23,NE,-2.2970472168093137
18 23,18,23,NE,-2.1841314264739364
18 23,18,23,NE,0.03605121737274691
18 23,18,23,NE,-2.173038115470315
18 23,18,23,NE,-2.455073594548973
18 23,18,23,NE,-2.331451222427504
18 23,18,23,NE,-2.7130403313967277
18 23,18,23,NE,-2.506838983571768
18 23,18,23,NE,-2.3003314844444054
18 23,18,23,NE,-2.733067671232933
18 23,18,23,NE,-1.9668333520358734
18 23,18,23,NE,-2.027847357765059
18 23,18,23,NE,-0.5248197603954174
18 23,18,23,NE,-1.2204573594478043
18 23,18,23,NE,-2.831387910748821
18 23,18,23,NE,-0.6669982939741802
18 23,18,23,NE,-2.1571867573217287
18 23,18,23,NE,-2.606870797813234
18 23,18,23,NE,-2.2291838419501913
18 23,18,23,NE,-0.5075501877519653
18 23,18,23,NE,-2.3841512550880113
18 23,18,23,NE,-2.736191042085482
18 23,18,23,NE,-2.4457371288197813
18 23,18,23,NE,-2.4496424178916394
18 23,18,23,NE,-0.5285642538864086
18 23,18,23,NE,-2.1118650949085804
18 23,18,23,NE,-2.213901493591322
18 23,18,23,NE,-2.2224227075489877
18 23,18,23,NE,-2.2349424913554743
18 23,18,23,NE,-2.278895506078992
18 23,18,23,NE,-2.0890041792993532
18 23,18,23,NE,-2.234476090528849
18 23,18,23,NE,-2.126565658508608
18 23,18,23,NE,-0.6478000775407551
18 23,18,23,NE,-2.4477421359006257
18 23,18,23,NE,-3.106247215744561
18 23,18,23,NE,-0.6306704321864152
18 23,18,23,NE,-2.4528790252409887
18 23,18,23,NE,-0.6976207185913844
18 23,18,23,NE,-2.2007664738392703
18 23,18,23,NE,-0.7899286834459254
18 23,18,23,NE,-1.9708188691730772
18 23,18,23,NE,-2.177830585927681
18 23,18,23,NE,-2.3014339005675777
18 23,18,23,NE,-2.230304744781481
18 23,18,23,NE,-2.3843922465658647
18 23,18,23,NE,-0.6275688293134524
18 23,18,23,NE,-2.36453306509717
18 23,18,23,NE,-2.764889789354805
18 23,18,23,NE,-0.4667068643352812
18 23,18,23,NE,-2.2460703302253315
18 23,18,23,NE,-2.7083765879619963
18 23,18,23,NE,-2.2342550348080428
18 23,18,23,NE,-1.0467174261835444
18 23,18,23,NE,-2.508537131750766
18 23,18,23,NE,-0.1758952753655645
18 23,18,23,NE,-2.3253517823555856
18 23,18,23,NE,-3.0199876402498247
18 23,18,23,NE,-3.401493330104647
18 23,18,23,NE,-2.1319739209123703
18 23,18,23,NE,-2.112402991783542
18 23,18,23,NE,-0.5233886078740387
18 23,18,23,NE,-2.184039919039947
18 23,18,23,NE,-2.515920977421715
18 23,18,23,NE,-0.4702640188677057
18 23,18,23,NE,-2.1185185593988116
18 23,18,23,NE,-0.6111352897575756
18 23,18,23,NE,-2.1855923266905974
18 23,18,23,NE,-2.3651260411297614
18 23,18,23,NE,-2.116071784011084
18 23,18,23,NE,-0.5750033600441705
18 23,18,23,NE,-2.065425988750819
18 23,18,23,NE,-0.6081311448604674
18 23,18,23,NE,-2.137502551147552
18 23,18,23,NE,-0.471769339336908
18 23,18,23,NE,-1.1981837065905943
18 23,18,23,NE,-0.5989515513521834
18 23,18,23,NE,-1.1651978451026808
18 23,18,23,NE,-2.2116993170654764
18 23,18,23,NE,-2.4821938948246514
18 23,18,23,NE,-0.41092839679896487
18 23,18,23,NE,-1.217699280623985
18 23,18,23,NE,-0.5227869951290495
18 23,18,23,NE,-2.507568391832694
18 23,18,23,NE,-2.200591877591156
18 23,18,23,NE,-2.7064745406446797
18 23,18,23,NE,-2.8768165515192545
18 23,18,23,NE,-0.34813041292202745
18 23,18,23,NE,-2.773990749408689
18 23,18,23,NE,-2.2022958547423763
18 23,18,23,NE,-0.6550578777776379
18 23,18,23,NE,-2.3977026527599197
18 23,18,23,NE,-0.09682583483956461
18 23,18,23,NE,-2.8459930575327874
18 23,18,23,NE,-2.233144018580855
18 23,18,23,NE,-2.0161561476653924
18 23,18,23,NE,-0.5739115865460126
18 23,18,23,NE,-2.5517932826886813
18 23,18,23,NE,-2.158709059683346
18 23,18,23,NE,-2.4159950372762102
18 23,18,23,NE,-2.1140280052662432
18 23,18,23,NE,-2.3989515592143906
18 23,18,23,NE,-0.4593622386657685
18 23,18,23,NE,-2.2014320500364057
18 23,18,23,NE,-2.1994846695848564
18 23,18,23,NE,-2.4308351350044948
18 23,18,23,NE,-0.5304342973068071
18 23,18,23,NE,-2.5694720365576997
18 23,18,23,NE,-2.456012985715491
18 23,18,23,NE,-2.2220886695733397
18 23,18,23,NE,-2.7219934341229344
18 23,18,23,NE,-0.6145389232590405
18 23,18,23,NE,-2.2150095321045087
18 23,18,23,NE,-2.450564863855841
18 23,18,23,NE,-2.4923957828738788
18 23,18,23,NE,-2.465199544139582
18 23,18,23,NE,-0.331614005875644
18 23,18,23,NE,-2.7767675053848366
18 23,18,23,NE,-2.125084635952986
18 23,18,23,NE,-2.965427647051689
18 23,18,23,NE,-2.248869050764696
18 23,18,23,NE,-2.425813888238966
18 23,18,23,NE,-2.346929621600072
18 23,18,23,NE,-0.5743760896505691
18 23,18,23,NE,-2.1502130220843925
18 23,18,23,NE,-0.5799930696245572
18 23,18,23,NE,-2.2974605645123023
18 23,18,23,NE,-0.37840376262628617
18 23,18,23,NE,-1.3293848090122569
18 23,18,23,NE,-0.5531552871511803
18 23,18,23,NE,-2.122868909015863
18 23,18,23,NE,-2.487028611136286
18 23,18,23,NE,-0.24129037687119548
18 23,18,23,NE,-2.230530803319061
18 23,18,23,NE,-0.2868407412200433
18 23,18,23,NE,-3.0310199473849884
18 23,18,23,NE,-0.6292193703736229
18 23,18,23,NE,-2.3628825240369995
18 23,18,23,NE,-2.328729045302328
18 23,18,23,NE,-0.633706637244311
18 23,18,23,NE,-1.9081250187776433
18 23,18,23,NE,-0.7597465420399736
18 23,18,23,NE,-2.0672230437693577
18 23,18,23,NE,-1.3695697726041673
18 23,18,23,NE,-1.9921738295342533
18 23,18,23,NE,-0.7623150029242975
18 23,18,23,NE,-1.6258799412858986
18 23,18,23,NE,-2.4865999508696763
18 23,18,23,NE,-1.0621306857574455
18 23,18,23,NE,-1.943079952070645
18 23,18,23,NE,-3.0594714281228312
18 23,18,23,NE,-2.3469953046486864
18 23,18,23,NE,-0.5750661233466392
18 23,18,23,NE,-2.0731973825207666
18 23,18,23,NE,-2.2971481014643262
18 23,18,23,NE,-0.5707157424661482
18 23,18,23,NE,-2.069713606328841
18 23,18,23,NE,-0.7031463703744405
18 23,18,23,NE,-1.8840564099324524
18 23,18,23,NE,-0.5096661152300066
18 23,18,23,NE,-2.072498735818981
18 23,18,23,NE,-2.397338924061473
18 23,18,23,NE,-2.7405477584096825
18 23,18,23,NE,-0.40829625865584857
18 23,18,23,NE,-1.6840124539170103
18 23,18,23,NE,-2.264941844982189
18 23,18,23,NE,-0.693900602387791
18 23,18,23,NE,-1.8980379683807742
18 23,18,23,NE,-2.3959579764433396
18 23,18,23,NE,-2.682166532233077
18 23,18,23,NE,-0.39206354037127983
18 23,18,23,NE,-1.6435373698788962
18 23,18,23,NE,-0.5541031197960604
18 23,18,23,NE,-2.159683091470536
18 23,18,23,NE,-2.021127771106674
18 23,18,23,NE,-0.684631262248357
18 23,18,23,NE,-2.406065988948239
18 23,18,23,NE,-2.5341743547653914
18 23,18,23,NE,-2.4647680791039726
18 23,18,23,NE,-2.3366060701055993
18 23,18,23,NE,-2.3546882748270686
18 23,18,23,NE,-2.584726081483725
18 23,18,23,NE,-2.185356696237523
18 23,18,23,NE,-0.42354334364148244
18 23,18,23,NE,-1.2731560118784504
18 23,18,23,NE,-0.5672060885725267
18 23,18,23,NE,-2.4124747708244536
18 23,18,23,NE,-2.4550469699221105
2 15,2,15,E,-2.2631023664381082
2 15,2,15,E,-1.9472146778975157
2 15,2,15,E,-1.9844330601174682
2 15,2,15,E,-1.4972371735488264
2 15,2,15,E,-1.951824076503916
2 15,2,15,E,-1.4823383989606325
2 15,2,15,E,-1.7802279293255148
2 15,2,15,E,-1.458126398668511
2 15,2,15,E,-2.0926425123824672
2 15,2,15,E,-2.5449735652355736
2 15,2,15,E,-2.4043494893839354
2 15,2,15,E,-1.627852982164914
2 15,2,15,E,-1.969191863262261
2 15,2,15,E,-1.209467505645253
2 15,2,15,E,-2.1601713457475147
2 15,2,15,E,-2.6513328917339267
2 15,2,15,E,-1.225726413769845
2 15,2,15,E,-2.230300882036555
2 15,2,15,E,-1.4467557916312501
2 15,2,15,E,-2.1518750413507304
2 15,2,15,E,-1.5952510944200997
2 15,2,15,E,-1.8323456379014678
2 15,2,15,E,-1.8767259457667895
2 15,2,15,E,-1.209467505645253
2 15,2,15,E,-2.1601713457475147
2 15,2,15,E,-2.3231820149738467
2 15,2,15,E,-1.633872328132571
2 15,2,15,E,-1.60800766597198
2 15,2,15,E,-1.6088367127954895
2 15,2,15,E,-2.043850168544272
2 15,2,15,E,-1.209467505645253
2 15,2,15,E,-2.1601713457475147
2 15,2,15,E,-1.274377843733298
2 15,2,15,E,-1.930331809592279
2 15,2,15,E,-2.1225272333184804
2 15,2,15,E,-2.400694512107359
2 15,2,15,E,-1.5482422284915087
2 15,2,15,E,-2.1044446528482528
2 15,2,15,E,-1.4850716326042965
2 15,2,15,E,-2.120827330809607
2 15,2,15,E,-1.6387604157941618
2 15,2,15,E,-1.60664746570818
2 15,2,15,E,-1.762991385684588
2 15,2,15,E,-1.4479413224199
2 15,2,15,E,-2.1506895105620805
2 15,2,15,E,-1.4566826774991342
2 15,2,15,E,-2.094086233551844
2 15,2,15,E,-1.627852982164914
2 15,2,15,E,-1.969191863262261
2 15,2,15,E,-2.3592812653569655
2 15,2,15,NE,-3.3089319189619046
2 15,2,15,NE,-2.361572328713716
2 15,2,15,NE,-3.25637147273165
2 15,2,15,NE,-2.9788790887266203
2 15,2,15,NE,-2.6795862413095097
2 15,2,15,NE,-1.3299377998080648
2 15,2,15,NE,-1.775586601508162
2 15,2,15,NE,-1.4268475514763101
2 15,2,15,NE,-1.9383311616501813
2 15,2,15,NE,-3.265972060580553
2 15,2,15,NE,-3.361394970072215
2 15,2,15,NE,-1.1927102352907817
2 15,2,15,NE,-2.1598350636673382
2 15,2,15,NE,-2.51269338366246
2 15,2,15,NE,-1.5140278759621464
2 15,2,15,NE,-2.069032431793065
2 15,2,15,NE,-2.9980229679610426
2 15,2,15,NE,-1.1008759726525692
2 15,2,15,NE,-1.9172589577355192
2 15,2,15,NE,-0.9835261222152475
2 15,2,15,NE,-1.8120348382921052
2 15,2,15,NE,-2.2800315782580345
2 15,2,15,NE,-1.1647995376606313
2 15,2,15,NE,-1.5710749771574877
2 15,2,15,NE,-2.9831992459198857
2 15,2,15,NE,-2.0976579994597424
2 15,2,15,NE,-1.2344892074709992
2 15,2,15,NE,-1.6146736252366796
2 15,2,15,NE,-2.692813809577235
2 15,2,15,NE,-3.16861666166851
2 15,2,15,NE,-2.080231095406894
2 15,2,15,NE,-3.1090843096730136
2 15,2,15,NE,-1.273440536903076
2 15,2,15,NE,-2.6556174108177553
2 15,2,15,NE,-3.7267512443791357
2 15,2,15,NE,-3.1561718751363586
2 15,2,15,NE,-0.7747810338841918
2 15,2,15,NE,-2.138178961086358
2 15,2,15,NE,-2.6883316447570205
2 15,2,15,NE,-2.204002108374983
2 15,2,15,NE,-0.9562495260358223
2 15,2,15,NE,-2.1492748752804047
2 15,2,15,NE,-3.1921239484107917
2 15,2,15,NE,-1.1396684126460699
2 15,2,15,NE,-2.4324532061357407
2 15,2,15,NE,-2.6003715854621667
2 15,2,15,NE,-3.5919111025497634
2 15,2,15,NE,-2.6091231185292765
2 15,2,15,NE,-3.025792528253858
2 15,2,15,NE,-1.39905393668368
2 15,2,15,NE,-3.3046122594085268
2 15,2,15,NE,-2.1114572709230477
2 15,2,15,NE,-0.9204028222443251
2 15,2,15,NE,-2.185121579071902
2 15,2,15,NE,-0.8506396810547868
2 15,2,15,NE,-1.448182054936067
2 15,2,15,NE,-1.3207643281183814
2 15,2,15,NE,-3.126976432937001
2 15,2,15,NE,-1.569106222312755
2 15,2,15,NE,-1.9411802742351874
2 15,2,15,NE,-2.723898523657625
2 15,2,15,NE,-2.2308520534454623
2 15,2,15,NE,-3.412296165331835
2 15,2,15,NE,-3.0361723166709416
2 15,2,15,NE,-1.0030856575069351
2 15,2,15,NE,-1.8719690125613586
2 15,2,15,NE,-1.1485838692409276
2 15,2,15,NE,-1.8559444325166414
2 15,2,15,NE,-3.904331269558663
2 15,2,15,NE,-2.7104077292926863
2 15,2,15,NE,-3.1627256015658975
2 15,2,15,NE,-1.125575127744754
2 15,2,15,NE,-2.752298807291979
2 15,2,15,NE,-2.571176669400464
2 15,2,15,NE,-1.7172248760806563
2 15,2,15,NE,-1.83223389127949
2 15,2,15,NE,-2.221726019635431
2 15,2,15,NE,-2.389142145263295
2 15,2,15,NE,-3.5252436207403832
2 15,2,15,NE,-3.155376615958013
2 15,2,15,NE,-3.2013893230112167
2 15,2,15,NE,-3.4514076616687097
2 15,2,15,NE,-1.3093177677610985
2 15,2,15,NE,-1.9413657411526926
2 15,2,15,NE,-1.5433838423290878
2 15,2,15,NE,-1.6497217151244303
2 15,2,15,NE,-2.9831619610060063
2 15,2,15,NE,-0.8340341610758549
2 15,2,15,NE,-2.2090388017239024
2 15,2,15,NE,-2.725429306785772
2 15,2,15,NE,-1.8431365312579078
2 15,2,15,NE,-2.1297317977629846
2 15,2,15,NE,-2.0575825729233905
2 15,2,15,NE,-3.640267445320495
2 15,2,15,NE,-1.0713581051938805
2 15,2,15,NE,-2.434430523882284
2 15,2,15,NE,-1.1094046575953576
2 15,2,15,NE,-1.9258149308597716
2 15,2,15,NE,-2.9404344064631447
2 15,2,15,NE,-3.1374876561566847
2 15,2,15,NE,-2.8451355316900164
2 15,2,15,NE,-1.2832185229070925
2 15,2,15,NE,-3.16452223814829
2 15,2,15,NE,-2.723090951398137
2 15,2,15,NE,-1.7898103220500015
2 15,2,15,NE,-2.490024635682427
2 15,2,15,NE,-2.949601302496966
2 15,2,15,NE,-3.6601600400007595
2 15,2,15,NE,-1.9182883113116884
2 15,2,15,NE,-3.303116752971029
2 15,2,15,NE,-3.2176977177291777
2 15,2,15,NE,-0.8861810857446817
2 15,2,15,NE,-2.5533546759155676
2 15,2,15,NE,-3.0541508506977153
2 15,2,15,NE,-1.2275319795781123
2 15,2,15,NE,-2.6225134442849973
2 15,2,15,NE,-2.3328750354475276
2 15,2,15,NE,-0.8746143335814927
2 15,2,15,NE,-2.168458629218265
2 15,2,15,NE,-0.941987757714734
2 15,2,15,NE,-1.3568339782761198
2 15,2,15,NE,-1.0804272317456247
2 15,2,15,NE,-1.6554472830724942
2 15,2,15,NE,-1.6344450477639862
2 15,2,15,NE,-2.3674595688487683
2 15,2,15,NE,-2.722001935352591
2 15,2,15,NE,-2.8021746557181233
2 15,2,15,NE,-1.1853598584485632
2 15,2,15,NE,-1.5505146563695558
2 15,2,15,NE,-3.0357869782113722
2 15,2,15,NE,-1.189206338373861
2 15,2,15,NE,-2.773329397685254
2 15,2,15,NE,-1.3927740687127743
2 15,2,15,NE,-2.3021056075323187
2 15,2,15,NE,-1.789791447167934
2 15,2,15,NE,-2.2291978275118605
2 15,2,15,NE,-3.118291769033923
2 18,2,18,E,-5.626346944345394
2 18,2,18,E,-5.498096547729168
2 18,2,18,E,-4.563376051194664
2 18,2,18,E,-7.3468952041224656
2 18,2,18,E,-4.692766300631895
2 18,2,18,E,-3.9162942518942057
2 18,2,18,E,-3.589144091047284
2 18,2,18,E,-9.440519035770732
2 18,2,18,E,-6.832701020893948
2 18,2,18,E,-3.5794329183872633
2 18,2,18,E,-3.3770167299620044
2 18,2,18,E,-6.705020376820948
2 18,2,18,E,-4.5678807978743485
2 18,2,18,E,-4.310562042193604
2 18,2,18,E,-7.7493050189934625
2 18,2,18,E,-7.709293305483517
2 18,2,18,E,-7.545134568823672
2 18,2,18,E,-0.48263593685264466
2 18,2,18,E,-9.870659571852663
2 18,2,18,E,-6.708218125055346
2 18,2,18,E,-0.5729124766952555
2 18,2,18,E,-8.922371431447614
2 18,2,18,E,-3.4578529454940967
2 18,2,18,E,-8.056001501268941
2 18,2,18,E,-7.886387021074045
2 18,2,18,E,-5.417537890240932
2 18,2,18,E,-4.49604526587046
2 18,2,18,E,-4.156258436624193
2 18,2,18,E,-5.488845732098168
2 18,2,18,E,-6.470749817958102
2 18,2,18,E,-4.6931346743292615
2 18,2,18,E,-5.119581648366783
2 18,2,18,E,-4.896305922213691
2 18,2,18,E,-0.9096650831273436
2 18,2,18,E,-4.488972052145117
2 18,2,18,E,-4.254744430443803
2 18,2,18,E,-4.005273366776896
2 18,2,18,E,-4.610310896280565
2 18,2,18,E,-4.620889406175686
2 18,2,18,E,-5.789955590033301
2 18,2,18,E,-0.04648352563753254
2 18,2,18,E,-5.406338443228319
2 18,2,18,E,-4.9237375188222
2 18,2,18,E,-8.294274298045508
2 18,2,18,E,-4.786750188875709
2 18,2,18,E,-5.725875884196625
2 18,2,18,E,-7.752881692336408
2 18,2,18,E,-0.1632060578300553
2 18,2,18,E,-4.612100793921157
2 18,2,18,E,0.03349286414288015
2 18,2,18,E,-6.260211698439866
2 18,2,18,E,-0.5521948891050005
2 18,2,18,E,-4.938190002016262
2 18,2,18,E,-8.054623055683594
2 18,2,18,E,-4.713120002323053
2 18,2,18,E,-8.679367167828863
2 18,2,18,E,-4.891759404246722
2 18,2,18,E,-3.966367914101905
2 18,2,18,E,-4.522247739064927
2 18,2,18,E,-4.392426351171927
2 18,2,18,E,-4.52789981947943
2 18,2,18,E,-4.306665572988039
2 18,2,18,E,-4.848352573446655
2 18,2,18,E,-3.9406589867960666
2 18,2,18,E,-5.426442542948246
2 18,2,18,E,-5.767841097070033
2 18,2,18,E,0.5402567673349927
2 18,2,18,E,-3.763382356155219
2 18,2,18,E,-7.635461527939315
2 18,2,18,E,-0.30880038442040264
2 18,2,18,E,-0.020886228346852886
2 18,2,18,E,-3.9187366451831047
2 18,2,18,E,-0.1375970208684589
2 18,2,18,E,-4.306541476127637
2 18,2,18,E,-0.633507639228405
2 18,2,18,E,-0.3513261843010263
2 18,2,18,E,-4.214324211666116
2 18,2,18,E,-3.9140266685275047
2 18,2,18,E,-7.602058947560784
2 18,2,18,E,-4.589022734618751
2 18,2,18,E,-8.106986763403155
2 18,2,18,E,-5.81962788792365
2 18,2,18,E,-4.896305922213691
2 18,2,18,E,-3.777414362538439
2 18,2,18,E,-9.695473776011864
2 18,2,18,E,-5.8437355540335245
2 18,2,18,E,-5.089897207212727
2 18,2,18,E,-3.4771105063985472
2 18,2,18,E,-5.693272811981657
2 18,2,18,E,-5.391476761146569
2 18,2,18,E,-5.207074881654043
2 18,2,18,E,-3.6033467533753356
2 18,2,18,E,-5.471759724293398
2 18,2,18,E,-3.867931521019073
2 18,2,18,E,-5.065180735886721
2 18,2,18,E,-4.806262747162945
2 18,2,18,E,-6.700823141602165
2 18,2,18,E,-4.650682526974734
2 18,2,18,E,-9.889599773932916
2 18,2,18,E,-0.14680095395692483
2 18,2,18,E,-7.231945039055951
2 18,2,18,E,-0.40666248026455937
2 18,2,18,E,-4.701437748849113
2 18,2,18,E,-3.59739190221751
2 18,2,18,E,-8.532016483560572
2 18,2,18,E,-0.8809613363870215
2 18,2,18,E,-5.359603642463349
2 18,2,18,E,-9.649334788703586
2 18,2,18,E,-6.7133686699641855
2 18,2,18,E,-7.131920134532453
2 18,2,18,E,-4.066052714125019
2 18,2,18,E,-1.0736945006051877
2 18,2,18,E,-4.62526218687493
2 18,2,18,E,-5.870165047354615
2 18,2,18,E,-9.478336684185267
2 18,2,18,E,-7.2009683276201235
2 18,2,18,E,-10.210564828110408
2 18,2,18,E,-0.6114238624815708
2 18,2,18,E,-4.437788905090166
2 18,2,18,E,-6.3058001856762695
2 18,2,18,E,-6.625767872961189
2 18,2,18,E,-4.7973110323929005
2 18,2,18,E,-4.060472009822762
2 18,2,18,E,-7.0992746779099365
2 18,2,18,E,-4.536324602708309
2 18,2,18,E,-0.7561130794716967
2 18,2,18,E,-3.421950832382222
2 18,2,18,E,-4.023676662121137
2 18,2,18,E,-5.850736320468215
2 18,2,18,E,-4.498759197112328
2 18,2,18,E,-6.563048180150566
2 18,2,18,E,-4.106214178402752
2 18,2,18,E,-4.074387140730471
2 18,2,18,E,-4.119776282147652
2 18,2,18,E,-5.6928315587675
2 18,2,18,E,-4.692766300631895
2 18,2,18,E,-6.282209262341639
2 18,2,18,E,-0.47685569835558717
2 18,2,18,E,-4.2510114385499636
2 18,2,18,E,-4.375429619237141
2 18,2,18,E,-10.14546286899165
2 18,2,18,E,-4.563727205213972
2 18,2,18,E,-4.301192092783728
2 18,2,18,E,-0.48004471047943637
2 18,2,18,E,-6.29642071192937
2 18,2,18,E,-7.196579933482256
2 18,2,18,E,-4.173541767658719
2 18,2,18,E,-6.260211698439866
2 18,2,18,E,-4.287115347633804
2 18,2,18,E,-4.961881078764145
2 18,2,18,E,-4.168958036462825
2 18,2,18,E,-4.984569144747791
2 18,2,18,E,0.11053878355675513
2 18,2,18,E,-0.3281367608648812
2 18,2,18,E,-4.848696742549939
2 18,2,18,E,-4.2702497775007755
2 18,2,18,E,-1.2364587870373898
2 18,2,18,E,-5.43439124203512
2 18,2,18,E,-7.892218922306585
2 18,2,18,E,-7.653374370882364
2 18,2,18,E,-4.173541767658719
2 18,2,18,E,-6.518630379350432
2 18,2,18,E,-3.6115198389294862
2 18,2,18,E,-5.62204752135406
2 18,2,18,E,-6.641685703978526
2 18,2,18,NE,-5.063882834416791
2 18,2,18,NE,-5.344047767306021
2 18,2,18,NE,-4.220790646771778
2 18,2,18,NE,-4.340372447841863
2 18,2,18,NE,-3.590246511675006
2 18,2,18,NE,-5.4887309090095036
2 18,2,18,NE,-4.393601411836979
2 18,2,18,NE,-5.3416008228704905
2 18,2,18,NE,-4.988346323821886
2 18,2,18,NE,-6.276075629572065
2 18,2,18,NE,-5.354437873095056
2 18,2,18,NE,-4.95905513450875
2 18,2,18,NE,-5.800748282175362
2 18,2,18,NE,-5.6530814859198815
2 18,2,18,NE,-5.402534234615498
2 18,2,18,NE,-6.008093825043109
2 18,2,18,NE,-4.770710106867907
2 18,2,18,NE,-5.337248777027073
2 18,2,18,NE,-3.3271198505579465
2 18,2,18,NE,-5.695683460668947
2 18,2,18,NE,-3.987562183030067
2 18,2,18,NE,-6.066055113089069
2 18,2,18,NE,-6.103276699965094
2 18,2,18,NE,-6.354764286727039
2 18,2,18,NE,-5.892210738851905
2 18,2,18,NE,-4.617769113575662
2 18,2,18,NE,-5.837741896212082
2 18,2,18,NE,-5.190957275525574
2 18,2,18,NE,-3.742330453841314
2 18,2,18,NE,-4.833610937941652
2 18,2,18,NE,-3.9792644645419486
2 18,2,18,NE,-4.178792192671617
2 18,2,18,NE,-4.459919014072664
2 18,2,18,NE,-6.316829290494043
2 18,2,18,NE,-4.366398160359228
2 18,2,18,NE,-4.881706493553967
2 18,2,18,NE,-4.278621543331247
2 18,2,18,NE,-6.120928066235016
2 18,2,18,NE,-4.226780201012702
2 18,2,18,NE,-5.626454301917468
2 18,2,18,NE,-5.210605071621797
2 18,2,18,NE,-6.922679626034393
2 18,2,18,NE,-5.075449529040834
2 18,2,18,NE,-6.622580499127918
2 18,2,18,NE,-5.891710505508783
2 18,2,18,NE,-4.010624464699406
2 18,2,18,NE,-5.832104871615625
2 18,2,18,NE,-3.674628816037929
2 18,2,18,NE,-6.684708115705942
2 18,2,18,NE,-5.90282500667278
2 18,2,18,NE,-5.195204353176666
2 18,2,18,NE,-6.014992220025943
2 18,2,18,NE,-5.566431510598624
2 18,2,18,NE,-5.501454776504748
2 18,2,18,NE,-4.423019948332295
2 18,2,18,NE,-4.514709628740028
2 18,2,18,NE,-5.586625201537316
2 18,2,18,NE,-5.495282718299279
2 18,2,18,NE,-5.10377108196131
2 18,2,18,NE,-6.3285176030283035
2 18,2,18,NE,-4.3770013079703
2 18,2,18,NE,-3.8005628102818165
2 18,2,18,NE,-5.662178927116594
2 18,2,18,NE,-5.2925962896933685
2 18,2,18,NE,-4.118712803246246
2 18,2,18,NE,-6.58789966226084
2 18,2,18,NE,-4.553796959240978
2 18,2,18,NE,-5.173947962939081
2 18,2,18,NE,-4.731450581885112
2 18,2,18,NE,-6.1563702708046595
2 18,2,18,NE,-5.50072709717996
2 18,2,18,NE,-6.672512047973303
2 18,2,18,NE,-4.97309482301444
2 18,2,18,NE,-5.764677687676653
2 18,2,18,NE,-4.3480886651549815
2 18,2,18,NE,-3.1878533712631802
2 18,2,18,NE,-4.2245646928611755
2 18,2,18,NE,-5.272887533100858
2 18,2,18,NE,-5.189768551917917
2 18,2,18,NE,-4.76878034556086
2 18,2,18,NE,-6.544763067976237
2 18,2,18,NE,-5.755985880485276
2 18,2,18,NE,-3.9993284344987328
2 18,2,18,NE,-5.910503807038487
2 18,2,18,NE,-5.693756387713156
2 18,2,18,NE,-4.897127350687215
2 18,2,18,NE,-5.064075829658569
2 18,2,18,NE,-7.394646968071422
2 18,2,18,NE,-5.428097731595134
2 18,2,18,NE,-5.613976395998679
2 18,2,18,NE,-5.678881165933815
2 18,2,18,NE,-5.911886562908966
2 18,2,18,NE,-4.986722316444127
2 18,2,18,NE,-5.779067604351268
2 18,2,18,NE,-5.323968260340396
2 18,2,18,NE,-5.676254817893468
2 18,2,18,NE,-5.371978765180873
2 18,2,18,NE,-4.319352012438082
2 18,2,18,NE,-6.1787960021435
2 18,2,18,NE,-4.872951581438052
2 18,2,18,NE,-4.3221559646595304
2 18,2,18,NE,-4.104026657646075
2 18,2,18,NE,-5.429939528248784
2 18,2,18,NE,-4.95836520528971
2 18,2,18,NE,-5.2657188421069225
2 18,2,18,NE,-5.154278206061162
2 18,2,18,NE,-4.67942809417163
2 18,2,18,NE,-4.94627281187248
2 18,2,18,NE,-6.938326144796183
2 18,2,18,NE,-4.343063443543576
2 18,2,18,NE,-6.261271185844874
2 18,2,18,NE,-4.1594426722891065
2 18,2,18,NE,-5.0948980536092066
2 18,2,18,NE,-6.29203960146656
2 20,2,20,E,3.3733737101221313
2 20,2,20,E,0.08579635835368316
2 20,2,20,E,1.3228386060802628
2 20,2,20,E,1.5056826766777858
2 20,2,20,E,0.2540819634694129
2 20,2,20,E,0.20162220089273608
2 20,2,20,E,2.190313232557429
2 20,2,20,E,1.3546367623885438
2 20,2,20,E,1.4506338545391297
2 20,2,20,E,2.0181724262496368
2 20,2,20,E,-2.5891265456562094
2 20,2,20,E,0.5012853797153315
2 20,2,20,E,-1.2141347903854163
2 20,2,20,E,-0.45408585969562926
2 20,2,20,E,4.232971732068003
2 20,2,20,E,-0.09470163559147898
2 20,2,20,E,1.7484798111925328
2 20,2,20,E,-0.2682102820063734
2 20,2,20,E,0.7682385513113618
2 20,2,20,E,-0.8119300340679158
2 20,2,20,E,0.88434653269233
2 20,2,20,E,1.5326357916188051
2 20,2,20,E,-2.272292012187567
2 20,2,20,E,2.434839083436288
2 20,2,20,E,0.4048024911468612
2 20,2,20,E,1.4780215229185947
2 20,2,20,E,-0.38920546502712755
2 20,2,20,E,0.15735897724343448
2 20,2,20,E,1.0604479592729203
2 20,2,20,E,-1.2488993862022901
2 20,2,20,E,0.3448096337829212
2 20,2,20,E,2.954756515197441
2 20,2,20,E,1.1685128041977872
2 20,2,20,E,1.7208058434666627
2 20,2,20,E,1.4096826071500532
2 20,2,20,E,-1.002377000824012
2 20,2,20,E,1.263351269374532
2 20,2,20,E,-0.4388981571373052
2 20,2,20,E,-2.313364258753543
2 20,2,20,E,-0.3461507907011954
2 20,2,20,E,1.9175634558079775
2 20,2,20,E,2.5566288279134817
2 20,2,20,E,0.5291552000939422
2 20,2,20,E,1.8940872368393227
2 20,2,20,E,-0.5533172069240138
2 20,2,20,E,-1.1368590269949153
2 20,2,20,E,0.48135790811242635
2 20,2,20,E,2.2180096540696708
2 20,2,20,E,3.130642148014884
2 20,2,20,E,-0.2066513105191915
2 20,2,20,E,1.4281019552980954
2 20,2,20,E,0.7699613501391155
2 20,2,20,E,-0.35416419987760295
2 20,2,20,E,-1.0688159889217848
2 20,2,20,E,-0.0713543511918527
2 20,2,20,E,4.993798755264476
2 20,2,20,E,1.5141746026215324
2 20,2,20,E,-0.709248591477099
2 20,2,20,E,-0.12570709492829285
2 20,2,20,E,-0.5533172069240138
2 20,2,20,E,-2.5891265456562094
2 20,2,20,E,0.18565036300397483
2 20,2,20,E,0.021284741396765523
2 20,2,20,E,-0.1970508953083838
2 20,2,20,E,-0.9727481019289117
2 20,2,20,E,-0.3364558187653207
2 20,2,20,E,4.340174383436067
2 20,2,20,E,0.19450329578846934
2 20,2,20,E,-0.13530596223139765
2 20,2,20,E,3.487746836150437
2 20,2,20,E,0.7289912235244375
2 20,2,20,E,-0.9741512366219196
2 20,2,20,E,1.3514995584433556
2 20,2,20,E,1.4423942869428517
2 20,2,20,E,4.830559783225509
2 20,2,20,E,-0.4109818931248634
2 20,2,20,E,2.682097068635337
2 20,2,20,E,2.469798276233252
2 20,2,20,E,1.4536728638719691
2 20,2,20,E,2.1198440743460503
2 20,2,20,E,0.019085063236685608
2 20,2,20,E,2.9559788076536844
2 20,2,20,E,-1.0320188438731615
2 20,2,20,E,-1.1567759181205721
2 20,2,20,E,-0.9957693349414327
2 20,2,20,E,-0.34724729646863145
2 20,2,20,E,0.029936820094872713
2 20,2,20,E,0.48166066929666784
2 20,2,20,E,2.0560829849511877
2 20,2,20,E,0.14981178208044427
2 20,2,20,E,-0.2401479062265539
2 20,2,20,E,0.3133921772638229
2 20,2,20,E,-0.8338492027239561
2 20,2,20,E,2.2180096540696708
2 20,2,20,E,2.1862177535600873
2 20,2,20,E,0.06434735846253643
2 20,2,20,E,-1.0025680962559023
2 20,2,20,E,0.8081839853568286
2 20,2,20,E,-0.05329647390184731
2 20,2,20,E,2.2748748472299964
2 20,2,20,E,0.613282262447294
2 20,2,20,E,-2.859008876910727
2 20,2,20,E,-0.35918459406405945
2 20,2,20,E,0.4257006969301994
2 20,2,20,E,2.4045139477535726
2 20,2,20,E,2.3921588662124584
2 20,2,20,E,-0.32019104978224194
2 20,2,20,E,0.3275583977735659
2 20,2,20,E,0.4114650369284323
2 20,2,20,E,-0.24510939846890586
2 20,2,20,E,2.613711419568056
2 20,2,20,E,-0.14741959908048194
2 20,2,20,E,0.13770817117361042
2 20,2,20,E,2.0219516402061224
2 20,2,20,E,1.8013013493810994
2 20,2,20,E,0.5564847819978346
2 20,2,20,E,-1.053375416774454
2 20,2,20,E,0.11519290055027642
2 20,2,20,E,0.6038560655062537
2 20,2,20,E,2.8591854334435
2 20,2,20,E,1.958437220586221
2 20,2,20,E,0.2661133475341645
2 20,2,20,E,0.16065719209025847
2 20,2,20,E,1.0270402666595149
2 20,2,20,E,0.17412972779665978
2 20,2,20,E,-0.5442109930073432
2 20,2,20,E,0.30356904769147447
2 20,2,20,E,-2.7995939964748375
2 20,2,20,E,4.2050868113276305
2 20,2,20,E,0.5535245806997331
2 20,2,20,E,2.283489337069036
2 20,2,20,E,1.662172651495768
2 20,2,20,E,1.0176421253311227
2 20,2,20,E,-0.12570709492829285
2 20,2,20,E,-0.8119300340679158
2 20,2,20,E,-0.12406251422507253
2 20,2,20,E,3.5954085177268893
2 20,2,20,E,0.9331686444123872
2 20,2,20,E,-0.10438834706645915
2 20,2,20,E,-2.744042985582442
2 20,2,20,E,-0.09470163559147898
2 20,2,20,E,1.127841928000466
2 20,2,20,E,2.493468455724659
2 20,2,20,E,-0.5781284680918257
2 20,2,20,E,0.5346172384140964
2 20,2,20,E,-1.2114172670517869
2 20,2,20,E,-0.2066513105191915
2 20,2,20,E,0.8486044316537872
2 20,2,20,E,1.1186303705164575
2 20,2,20,E,-1.0063699466947076
2 20,2,20,E,0.07493552725797765
2 20,2,20,E,0.13164966859944469
2 20,2,20,E,0.20785655555656854
2 20,2,20,E,1.735638758467722
2 20,2,20,E,0.47704439027063233
2 20,2,20,E,0.9258357930434402
2 20,2,20,E,-0.6347739489052391
2 20,2,20,NE,2.9387761312603393
2 20,2,20,NE,-0.22868532071615882
2 20,2,20,NE,-0.8948877794467163
2 20,2,20,NE,2.181546482367185
2 20,2,20,NE,5.510868559077026
2 20,2,20,NE,-0.03027541385784325
2 20,2,20,NE,-0.16683141837212218
2 20,2,20,NE,0.08653565131792569
2 20,2,20,NE,1.2627253120186033
2 20,2,20,NE,2.5882955770831075
2 20,2,20,NE,0.6070663082474482
2 20,2,20,NE,6.119561037955086
2 20,2,20,NE,-0.5084140544768738
2 20,2,20,NE,-0.7072999527087629
2 20,2,20,NE,2.498703401605362
2 20,2,20,NE,0.8181033404019994
2 20,2,20,NE,6.3809395678653145
2 20,2,20,NE,3.6439313384640712
2 20,2,20,NE,-1.0042400865813494
2 20,2,20,NE,0.48375134508491063
2 20,2,20,NE,-0.48744792451723373
2 20,2,20,NE,-1.3849413852212524
2 20,2,20,NE,1.1583625699488727
2 20,2,20,NE,0.18979911813401007
2 20,2,20,NE,1.4452059679533633
2 20,2,20,NE,-0.2641765490159166
2 20,2,20,NE,5.91048639350093
2 20,2,20,NE,1.0964459288185147
2 20,2,20,NE,1.736204381066559
2 20,2,20,NE,3.8051815991083147
2 20,2,20,NE,-0.19033819034259725
2 20,2,20,NE,1.3889812889099438
2 20,2,20,NE,0.9648609578882446
2 20,2,20,NE,1.381961747613904
2 20,2,20,NE,1.9171819674991273
2 20,2,20,NE,-0.14687001566205224
2 20,2,20,NE,5.251424791749348
2 20,2,20,NE,-0.14369634431214548
2 20,2,20,NE,0.5106230783129424
2 20,2,20,NE,0.5805166225978724
2 20,2,20,NE,-0.39389476344876895
2 20,2,20,NE,3.2759885806634994
2 20,2,20,NE,-0.07862360086508478
2 20,2,20,NE,-0.9961374449383054
2 20,2,20,NE,1.9278481375250764
2 20,2,20,NE,4.857981048245779
2 20,2,20,NE,0.6837253780831044
2 20,2,20,NE,0.8687197199093545
2 20,2,20,NE,1.173327256293488
2 20,2,20,NE,1.4576079819523169
2 20,2,20,NE,0.8493908715904573
2 20,2,20,NE,0.923558479420257
2 20,2,20,NE,4.694888744527369
2 20,2,20,NE,1.8583290326797637
2 20,2,20,NE,0.8124621516236303
2 20,2,20,NE,-0.2680659251620797
2 20,2,20,NE,0.6500058138877847
2 20,2,20,NE,3.5895603815684627
2 20,2,20,NE,-0.38651743612722916
2 20,2,20,NE,2.1211702188878614
2 20,2,20,NE,0.31733097360128865
2 20,2,20,NE,1.9013504283847251
2 20,2,20,NE,-0.5347258667292337
2 20,2,20,NE,-0.8587123890975498
2 20,2,20,NE,4.276595708390094
2 20,2,20,NE,3.6163185791637864
2 20,2,20,NE,0.23899924700641226
2 20,2,20,NE,3.3652323896450502
2 20,2,20,NE,0.31698569803972465
2 20,2,20,NE,1.343414118475186
2 20,2,20,NE,-0.8648086796932732
2 20,2,20,NE,1.251910088158308
2 20,2,20,NE,-0.5914641851658736
2 20,2,20,NE,-0.3848075573374547
2 20,2,20,NE,6.623514220793477
2 20,2,20,NE,3.149853255617829
2 20,2,20,NE,-0.43131288849706717
2 20,2,20,NE,1.7466351197255958
2 20,2,20,NE,1.0639957515605971
2 20,2,20,NE,2.0814691246222794
2 20,2,20,NE,0.659797806413537
2 20,2,20,NE,-0.6551975004227073
2 20,2,20,NE,2.196966869174049
2 20,2,20,NE,9.099686968924473
2 20,2,20,NE,1.028688680101204
2 20,2,20,NE,5.267523103755911
2 20,2,20,NE,2.2999942455652644
2 20,2,20,NE,-1.1608255218728063
2 20,2,20,NE,1.2828660141690198
2 20,2,20,NE,3.8194195675905696
2 20,2,20,NE,2.990347444438949
2 20,2,20,NE,0.13405954077488214
2 20,2,20,NE,-0.7557239264858839
2 20,2,20,NE,2.651750796551992
2 20,2,20,NE,-1.0052735733896896
2 20,2,20,NE,-0.14226825426117076
2 20,2,20,NE,2.208670516708887
2 20,2,20,NE,3.0495686367725994
2 20,2,20,NE,0.7384108331252803
2 20,2,20,NE,0.16263981155882865
2 20,2,20,NE,5.692894446506072
2 20,2,20,NE,4.288755414992381
2 20,2,20,NE,-0.42420485907594163
2 20,2,20,NE,0.18296445914259182
2 20,2,20,NE,1.3054197206907032
2 20,2,20,NE,-0.3466991272489302
2 20,2,20,NE,1.821069697922539
2 20,2,20,NE,2.4851878398039804
2 20,2,20,NE,0.21511011775261346
2 20,2,20,NE,0.6764720317752146
2 20,2,20,NE,0.4652550084681578
2 20,2,20,NE,1.3887388710321966
2 20,2,20,NE,5.7690145240045165
2 20,2,20,NE,0.613674870095629
2 20,2,20,NE,1.6224323714515427
2 20,2,20,NE,0.19106772731849364
2 20,2,20,NE,4.108014276551609
2 20,2,20,NE,2.1061441096573175
2 20,2,20,NE,-0.21814967714303587
2 20,2,20,NE,2.8304950334286096
2 20,2,20,NE,1.105485485880339
2 20,2,20,NE,1.8987240501462583
2 20,2,20,NE,1.8409234580171634
2 20,2,20,NE,-0.2590862390005206
2 20,2,20,NE,0.568849870623398
2 20,2,20,NE,0.21702618207598232
2 20,2,20,NE,2.281297392077778
2 20,2,20,NE,2.5206958318823416
2 20,2,20,NE,3.481435980708965
2 20,2,20,NE,-0.34663152312755363
2 20,2,20,NE,1.848659752503679
2 20,2,20,NE,1.3163826907547675
2 20,2,20,NE,2.696212018958853
2 20,2,20,NE,1.5846180147053182
2 20,2,20,NE,1.5726759859412185
2 20,2,20,NE,2.633289399034213
2 20,2,20,NE,2.633289399034213
2 20,2,20,NE,-0.5380827773663239
2 20,2,20,NE,0.41248307021907543
2 20,2,20,NE,1.0506796411876438
2 20,2,20,NE,1.3940828598226942
2 20,2,20,NE,-0.6231964075133787
2 20,2,20,NE,-0.6389441111632225
2 20,2,20,NE,-0.10950828819324104
2 20,2,20,NE,8.03306848765325
2 20,2,20,NE,-0.328730191026862
2 20,2,20,NE,0.02337702055937247
2 20,2,20,NE,0.5821597474872378
2 20,2,20,NE,0.9848504503251297
2 20,2,20,NE,6.423375324974658
2 20,2,20,NE,3.8970465557879264
2 20,2,20,NE,0.4283440555354891
2 20,2,20,NE,3.030898062253637
2 20,2,20,NE,1.8885963468571294
2 20,2,20,NE,0.07993979476015746
2 20,2,20,NE,0.25779894070393894
2 20,2,20,NE,-0.8613718020143021
2 20,2,20,NE,3.6266428987559634
2 20,2,20,NE,-0.7981873198309156
2 20,2,20,NE,2.624030346531916
2 20,2,20,NE,0.613674870095629
2 20,2,20,NE,2.230361771376109
2 20,2,20,NE,0.8347419376272501
2 20,2,20,NE,1.3606571809067607
2 20,2,20,NE,1.3284613875152667
2 20,2,20,NE,1.9583626969959573
2 20,2,20,NE,2.974138224086069
2 20,2,20,NE,0.8037723696824915
2 20,2,20,NE,0.31893013192671327
2 20,2,20,NE,3.6556128285718583
2 23,2,23,E,-6.167357884529079
2 23,2,23,E,-1.0690188272765853
2 23,2,23,E,-2.1037664765101707
2 23,2,23,E,0.106758200755148
2 23,2,23,E,-1.422602594229267
2 23,2,23,E,-1.7024090427755014
2 23,2,23,E,-1.0052681624482849
2 23,2,23,E,-3.985510843736922
2 23,2,23,E,-2.0227999751643617
2 23,2,23,E,-0.5498486111220496
2 23,2,23,E,-1.281611512471514
2 23,2,23,E,-0.7344117522437044
2 23,2,23,E,-1.0964101877812242
2 23,2,23,E,-2.2747458505754765
2 23,2,23,E,-0.4459317118833496
2 23,2,23,E,-3.7268226200837757
2 23,2,23,E,-1.42945787053322
2 23,2,23,E,-3.1286082226660272
2 23,2,23,E,-5.839019579438437
2 23,2,23,E,-3.0557462829905013
2 23,2,23,E,-5.5074256902569285
2 23,2,23,E,-1.7027104956677275
2 23,2,23,E,-1.4295392616531462
2 23,2,23,E,-2.186236765628247
2 23,2,23,E,-0.3607736308233074
2 23,2,23,E,-3.383180981089742
2 23,2,23,E,-0.5774368499662371
2 23,2,23,E,-1.6291893777141655
2 23,2,23,E,-2.1847020311134977
2 23,2,23,E,-1.0490643900644954
2 23,2,23,E,-1.725477778826758
2 23,2,23,E,-4.988661604064528
2 23,2,23,E,-0.7212097989422697
2 23,2,23,E,-0.642363698806393
2 23,2,23,E,-3.53999465358701
2 23,2,23,E,-0.4011572402406822
2 23,2,23,E,-0.0027325435134358924
2 23,2,23,E,-0.06170955294010891
2 23,2,23,E,0.22794767395725093
2 23,2,23,E,-3.600669846395982
2 23,2,23,E,-4.0541876571612105
2 23,2,23,E,0.7468507390866516
2 23,2,23,E,-0.012917619713328377
2 23,2,23,E,-3.9469140533242313
2 23,2,23,E,-5.007024192456216
2 23,2,23,E,-3.9505170802491087
2 23,2,23,E,0.02944775813557756
2 23,2,23,E,0.04114674048670216
2 23,2,23,E,-6.411370639958049
2 23,2,23,E,-2.424921090265759
2 23,2,23,E,-0.16977079349522725
2 23,2,23,E,-1.1312123861267316
2 23,2,23,E,-1.969045975048299
2 23,2,23,E,-1.237892794761637
2 23,2,23,E,-1.4719965346424309
2 23,2,23,E,-0.9445086921230211
2 23,2,23,E,-0.4236969887206211
2 23,2,23,E,-3.1568375713989796
2 23,2,23,E,-2.635770233365446
2 23,2,23,E,-0.986004269778098
2 23,2,23,E,-0.23450371217922278
2 23,2,23,E,-1.1002509805972482
2 23,2,23,E,-1.4729213717373482
2 23,2,23,E,-0.5498486111220496
2 23,2,23,E,-0.5631554541930799
2 23,2,23,E,-2.1081931337668913
2 23,2,23,E,-3.225268668433278
2 23,2,23,E,0.8933119600024418
2 23,2,23,E,-0.7391197606772106
2 23,2,23,E,-4.9459723294311235
2 23,2,23,E,-2.859527026561554
2 23,2,23,E,0.39471592232844926
2 23,2,23,E,-0.7621780271403161
2 23,2,23,E,-6.210879620589689
2 23,2,23,E,-4.1648000623583075
2 23,2,23,E,0.535895680692412
2 23,2,23,E,-0.9173469191566768
2 23,2,23,E,-2.105734758713707
2 23,2,23,E,-0.3486460404608887
2 23,2,23,E,-0.3457385533490209
2 23,2,23,E,-1.138570099264591
2 23,2,23,E,-1.018321157797218
2 23,2,23,E,0.24643145962204588
2 23,2,23,E,-2.2267627340873197
2 23,2,23,E,-3.5409489394239317
2 23,2,23,E,-2.1947516039754444
2 23,2,23,E,-2.977236916000724
2 23,2,23,E,-5.892894758744153
2 23,2,23,E,-0.7768886448550875
2 23,2,23,E,-0.6677952500762566
2 23,2,23,E,-0.07947323977877924
2 23,2,23,E,-1.7060655485256562
2 23,2,23,E,-3.925151572149362
2 23,2,23,E,-3.434301833922274
2 23,2,23,E,-0.9081968069310109
2 23,2,23,E,0.8158674764036251
2 23,2,23,E,-4.241980902823834
2 23,2,23,E,-0.9240864582229645
2 23,2,23,E,-3.850771119439383
2 23,2,23,E,-2.1396208765319256
2 23,2,23,E,-0.8145633906153619
2 23,2,23,E,-0.9217943286960762
2 23,2,23,E,-0.1338868257914611
2 23,2,23,E,-0.8116825880804244
2 23,2,23,E,-0.0376371738858844
2 23,2,23,E,-0.4668233744988215
2 23,2,23,E,-0.8150038193082475
2 23,2,23,E,-4.879613374190903
2 23,2,23,E,-0.06612703136064832
2 23,2,23,E,-0.6782467916808014
2 23,2,23,E,-0.778588757237157
2 23,2,23,E,-1.6226961032960867
2 23,2,23,E,-4.122893877994628
2 23,2,23,E,-0.4552373931340547
2 23,2,23,E,-0.43393604516879797
2 23,2,23,E,-0.9028488352501106
2 23,2,23,E,0.5575072676653162
2 23,2,23,E,0.398674889700547
2 23,2,23,E,-3.8660290227658622
2 23,2,23,E,-0.6945160548316425
2 23,2,23,E,-0.4881269568166494
2 23,2,23,E,-0.6498274756684533
2 23,2,23,E,-0.6834712366248744
2 23,2,23,E,-1.396935237387661
2 23,2,23,E,-0.33129802615038234
2 23,2,23,E,-2.1679830802768816
2 23,2,23,E,0.6358536468128624
2 23,2,23,E,-0.8546824403914061
2 23,2,23,E,-1.2005623001009982
2 23,2,23,E,-1.2780957843122847
2 23,2,23,E,-2.566738958104567
2 23,2,23,E,-4.469025866742709
2 23,2,23,E,-5.01376399579342
2 23,2,23,E,-4.765259094024569
2 23,2,23,E,-0.21449819358876193
2 23,2,23,E,-0.6706300292943952
2 23,2,23,E,-3.3949547330963084
2 23,2,23,E,-3.75259961917238
2 23,2,23,E,-4.179337459537802
2 23,2,23,E,0.14900923834762644
2 23,2,23,E,0.026892128300802943
2 23,2,23,E,-0.7433704270882684
2 23,2,23,E,-0.5254153359089945
2 23,2,23,E,-1.3534229743684003
2 23,2,23,E,-2.2105977974368964
2 23,2,23,E,-1.0544054866218837
2 23,2,23,E,-3.1207803036261343
2 23,2,23,E,-0.6790292339466029
2 23,2,23,E,-1.123689147293094
2 23,2,23,E,-2.0662262227553865
2 23,2,23,E,-3.728812693589962
2 23,2,23,E,-0.16434197351075755
2 23,2,23,E,-5.607307243792382
2 23,2,23,E,-0.48228882668672113
2 23,2,23,E,-1.091636294832171
2 23,2,23,E,-0.9218818433462226
2 23,2,23,E,-5.333041786661243
2 23,2,23,E,-2.3845044329796403
2 23,2,23,E,-1.4135449404791616
2 23,2,23,E,-1.8554295298463632
2 23,2,23,E,-2.8163215141897266
2 23,2,23,E,-3.1888913889335893
2 23,2,23,E,-1.4976615369857984
2 23,2,23,E,-4.222211916323715
2 23,2,23,E,-0.3420483524565907
2 23,2,23,E,-1.7817944225193476
2 23,2,23,E,-2.354098441422629
2 23,2,23,E,-0.9509745157913485
2 23,2,23,E,-1.3329676633162608
2 23,2,23,E,-1.5089705498656107
2 23,2,23,NE,-0.3944138754428674
2 23,2,23,NE,-1.6241704630139107
2 23,2,23,NE,-0.9955194741064175
2 23,2,23,NE,-2.8359611198925636
2 23,2,23,NE,-0.09706869519516376
2 23,2,23,NE,-0.4475620062841828
2 23,2,23,NE,-1.8915602979911244
2 23,2,23,NE,0.11545384407479184
2 23,2,23,NE,-0.878245328684217
2 23,2,23,NE,-1.3785532651871395
2 23,2,23,NE,0.14030972419079957
2 23,2,23,NE,-0.48139867725266494
2 23,2,23,NE,-1.8246143817181522
2 23,2,23,NE,-1.075311682958438
2 23,2,23,NE,-1.7254524701158025
2 23,2,23,NE,-0.37716003947731686
2 23,2,23,NE,-2.009791469629985
2 23,2,23,NE,-1.9390058079946737
2 23,2,23,NE,0.010153322681599157
2 23,2,23,NE,-0.14915096711359493
2 23,2,23,NE,-0.7587390457057248
2 23,2,23,NE,-2.3889050909002716
2 23,2,23,NE,-0.6681772229231888
2 23,2,23,NE,-1.014445759208042
2 23,2,23,NE,-2.17759580833093
2 23,2,23,NE,-0.3375426537037119
2 23,2,23,NE,-0.18256048751056828
2 23,2,23,NE,-0.8206436883718784
2 23,2,23,NE,-3.9426924363823073
2 23,2,23,NE,-2.5781760378925207
2 23,2,23,NE,-0.4599434415908281
2 23,2,23,NE,-1.9304340060297176
2 23,2,23,NE,-3.3285285988553195
2 23,2,23,NE,-1.9360459530833762
2 23,2,23,NE,-3.750990774498913
2 23,2,23,NE,-3.3535251594603888
2 23,2,23,NE,-0.5168727517015234
2 23,2,23,NE,-1.8848248098880922
2 23,2,23,NE,-2.438247694135883
2 23,2,23,NE,-0.23301362505825501
2 23,2,23,NE,-0.7725584631595536
2 23,2,23,NE,-1.5325916381501088
2 23,2,23,NE,-2.187428838453454
2 23,2,23,NE,-0.3493643136581769
2 23,2,23,NE,-0.9268220420003805
2 23,2,23,NE,-1.1203362831161243
2 23,2,23,NE,-0.5539953667068965
2 23,2,23,NE,-1.8786238403226645
2 23,2,23,NE,0.22356129150590337
2 23,2,23,NE,-0.4182434714201594
2 23,2,23,NE,-1.398682573501405
2 23,2,23,NE,-0.45364428466682616
2 23,2,23,NE,-3.6252044581477416
2 23,2,23,NE,-0.7342506084997749
2 23,2,23,NE,-2.086459732342753
2 23,2,23,NE,-3.265855123644668
2 23,2,23,NE,-0.40338142479787026
2 23,2,23,NE,-1.901768676511792
2 23,2,23,NE,-1.4162803624675981
2 23,2,23,NE,-3.28314609385305
2 23,2,23,NE,-0.42644060100432235
2 23,2,23,NE,-1.835591829859232
2 23,2,23,NE,-0.3777489201680021
2 23,2,23,NE,-2.388770775857701
2 23,2,23,NE,-0.26393635877632027
2 23,2,23,NE,-2.2543004514733793
2 23,2,23,NE,-0.899737798627289
2 23,2,23,NE,-1.4891233998479803
2 23,2,23,NE,-0.44565810111933457
2 23,2,23,NE,-1.9088377657837385
2 23,2,23,NE,-2.2591440956172053
2 23,2,23,NE,-1.3213371094444821
2 23,2,23,NE,-1.9919941019879541
2 23,2,23,NE,0.13518558328417654
2 23,2,23,NE,-0.03800329298918146
2 23,2,23,NE,-0.9995944836919749
2 23,2,23,NE,-2.258655874893434
2 23,2,23,NE,-0.5769774250174332
2 23,2,23,NE,-1.1629673787438095
2 23,2,23,NE,-0.16974226325131556
2 23,2,23,NE,0.6200817835384436
2 23,2,23,NE,-0.7022767356675645
2 23,2,23,NE,-1.0673089045396862
2 23,2,23,NE,-0.8982352140551455
2 23,2,23,NE,-3.209489704150668
2 23,2,23,NE,-0.4554708179696081
2 23,2,23,NE,-0.5820056413156953
2 23,2,23,NE,-1.616424439426729
2 23,2,23,NE,-0.4349118447380063
2 23,2,23,NE,-2.25061738077219
2 23,2,23,NE,-1.049054664636048
2 23,2,23,NE,-1.3526428969535678
2 23,2,23,NE,-0.43918737316755013
2 23,2,23,NE,-1.2815844502978002
2 23,2,23,NE,-0.25122636053243275
2 23,2,23,NE,-0.4061888385475392
2 23,2,23,NE,-1.6555131703553472
2 23,2,23,NE,0.06017199099623874
2 23,2,23,NE,0.4067569798941664
2 23,2,23,NE,-1.218184379965456
2 23,2,23,NE,-3.1146204696996396
2 23,2,23,NE,-0.3879847106240387
2 23,2,23,NE,-1.0298977122928672
2 23,2,23,NE,-3.026662813165395
2 23,2,23,NE,-0.2533771819010205
2 23,2,23,NE,0.461088047920605
2 23,2,23,NE,-0.4728814533274666
2 23,2,23,NE,-1.3781611141935077
2 23,2,23,NE,-0.645827866101375
2 23,2,23,NE,-2.028509739366925
2 23,2,23,NE,-3.5829798721520203
2 23,2,23,NE,-0.44308458931401856
2 23,2,23,NE,-1.9007782066463614
2 23,2,23,NE,-0.1345356814334922
2 23,2,23,NE,-0.23864550536973686
2 23,2,23,NE,-0.5714013015116775
2 23,2,23,NE,-1.8302962600779382
2 23,2,23,NE,-0.4541097013029431
2 23,2,23,NE,-0.37599807087027776
2 23,2,23,NE,-0.1044162438230617
2 23,2,23,NE,0.2485599612370123
2 23,2,23,NE,-0.5037139447744128
2 23,2,23,NE,-1.5553379107344119
2 23,2,23,NE,-0.5783917720982755
2 23,2,23,NE,-1.5071701954399608
2 23,2,23,NE,-3.32928882893454
2 23,2,23,NE,0.060644756919305313
2 23,2,23,NE,-2.6570471473643247
2 23,2,23,NE,-0.21872865120628648
2 23,2,23,NE,-0.5508675427332815
2 23,2,23,NE,-1.4571163702820038
2 23,2,23,NE,-0.5453344775685612
2 23,2,23,NE,-1.4481377217820595
2 23,2,23,NE,-2.563672259119109
2 23,2,23,NE,-0.6507836147489702
2 23,2,23,NE,-1.0156509423879079
2 23,2,23,NE,-0.5813112460739315
2 23,2,23,NE,-0.7053438337679686
2 23,2,23,NE,-0.3654962799947211
2 23,2,23,NE,-1.896536150868833
2 23,2,23,NE,-0.6225239468331005
2 23,2,23,NE,-1.5044008687499149
2 23,2,23,NE,-3.630963169736527
2 23,2,23,NE,-0.37034031759261204
2 23,2,23,NE,-0.37878358799003453
2 23,2,23,NE,-0.4684140191753023
2 23,2,23,NE,-1.4066018335871413
2 23,2,23,NE,-0.9796802056836962
2 23,2,23,NE,-2.2423657104511925
2 23,2,23,NE,-0.6787866010871394
2 23,2,23,NE,-0.9677571073582648
2 23,2,23,NE,-1.939261941415073
2 23,2,23,NE,-2.5634565179265203
2 23,2,23,NE,-0.6905559895581163
2 23,2,23,NE,-1.3114245315617592
2 23,2,23,NE,-2.2239040361488494
2 23,2,23,NE,-0.04939677859725283
2 23,2,23,NE,-0.2876309867765397
2 23,2,23,NE,-0.9204420416170549
2 23,2,23,NE,-0.4435292426358194
2 23,2,23,NE,0.6292582333550808
2 23,2,23,NE,-2.396315060151306
2 23,2,23,NE,-1.0242906683446686
2 23,2,23,NE,-1.7446031264674393
2 23,2,23,NE,-3.7163973348028123
2 23,2,23,NE,-0.8156454710078285
2 23,2,23,NE,-2.367599895684657
2 23,2,23,NE,-0.48757474631715203
2 23,2,23,NE,-1.3997963542881133
2 23,2,23,NE,0.22149062095464067
2 23,2,23,NE,0.0023663066320091203
2 23,2,23,NE,-2.356440033251119
2 23,2,23,NE,-0.3597374043532767
2 23,2,23,NE,-2.3922045436671393
2 23,2,23,NE,-0.5602014740029184
2 23,2,23,NE,-1.7458115849678986
2 23,2,23,NE,-2.2764200131753882
2 23,2,23,NE,-0.5731957822782067
2 23,2,23,NE,-1.109427199853024
2 23,2,23,NE,0.19316094885689253
2 23,2,23,NE,-2.871637187169416
2 23,2,23,NE,-0.4651450204640365
2 23,2,23,NE,-2.2091925850042635
2 23,2,23,NE,-4.361953223957795
2 23,2,23,NE,-1.0408166409024093
2 23,2,23,NE,-2.1261538836814036
20 23,20,23,E,-0.8244172919146531
20 23,20,23,E,0.6698997063665144
20 23,20,23,E,0.36898327093376104
20 23,20,23,E,-3.337989930902665
20 23,20,23,E,-2.321795834684515
20 23,20,23,E,-3.773757227359153
20 23,20,23,E,0.6092084093761745
20 23,20,23,E,-4.3438951436486795
20 23,20,23,E,1.2183006512287449
20 23,20,23,E,-0.07355043388663432
20 23,20,23,E,-4.42836569203517
20 23,20,23,E,1.183845243415676
20 23,20,23,E,-1.12756337511113
20 23,20,23,E,-2.6929938023760513
20 23,20,23,E,-1.915655867090151
20 23,20,23,E,-2.9299760800290375
20 23,20,23,E,-0.37316761479138827
20 23,20,23,E,0.1931581976487037
20 23,20,23,E,0.7153966469674573
20 23,20,23,E,-0.4679727215281645
20 23,20,23,E,-0.48892663092743666
20 23,20,23,E,0.07113310439402973
20 23,20,23,E,2.011459763131721
20 23,20,23,E,-0.10606472839472271
20 23,20,23,E,-0.6387768963912962
20 23,20,23,E,-1.2221013065845856
20 23,20,23,E,-1.206856035399239
20 23,20,23,E,-3.03510902619626
20 23,20,23,E,1.925029908294997
20 23,20,23,E,-4.4226717861241776
20 23,20,23,E,-0.4679727215281645
20 23,20,23,E,-4.525286082503603
20 23,20,23,E,1.3605110972890153
20 23,20,23,E,-0.9222479247828336
20 23,20,23,E,1.4464280409850754
20 23,20,23,E,1.9629699522871726
20 23,20,23,E,-0.49129147717042615
20 23,20,23,E,-3.521474247756544
20 23,20,23,E,-0.28084804957590714
20 23,20,23,E,0.88573189469862
20 23,20,23,E,-2.6116839363384634
20 23,20,23,E,0.7494257635929397
20 23,20,23,E,-4.928884424752381
20 23,20,23,E,1.3691644470084035
20 23,20,23,E,0.3261286388482495
20 23,20,23,E,0.49554852188635345
20 23,20,23,E,1.3460736753306732
20 23,20,23,E,1.3219210493120435
20 23,20,23,E,-0.5422903272367094
20 23,20,23,E,2.275324996677568
20 23,20,23,E,-2.089337378206361
20 23,20,23,E,0.5689423001784807
20 23,20,23,E,-0.03028900906939742
20 23,20,23,E,1.3973409168358735
20 23,20,23,E,-3.038695927246502
20 23,20,23,E,-1.08116619732896
20 23,20,23,E,-2.7309088349022606
20 23,20,23,E,0.2944520616589386
20 23,20,23,E,-0.4954410946247709
20 23,20,23,E,-0.4343056191382088
20 23,20,23,E,-1.1609027188577294
20 23,20,23,E,1.6822676870000155
20 23,20,23,E,-0.9086797512329865
20 23,20,23,E,0.14625875048804637
20 23,20,23,E,0.24606790097814157
20 23,20,23,E,-0.7145566960283161
20 23,20,23,E,0.9504843407955594
20 23,20,23,E,1.7332419945708732
20 23,20,23,E,2.431190917276318
20 23,20,23,E,-1.9297480673235958
20 23,20,23,E,-2.986815630051001
20 23,20,23,E,-0.1621702485072848
20 23,20,23,E,-1.250951014437864
20 23,20,23,E,0.10180688186412742
20 23,20,23,E,-2.309747209149276
20 23,20,23,E,-0.817909184051466
20 23,20,23,E,-3.14372498656164
20 23,20,23,E,0.19023837518665712
20 23,20,23,E,-1.2293375831518367
20 23,20,23,E,-2.9998041441746413
20 23,20,23,E,-0.8992431607539589
20 23,20,23,E,-0.5618703877427679
20 23,20,23,E,-2.355638493545473
20 23,20,23,E,0.05944976655771587
20 23,20,23,E,1.092557875473195
20 23,20,23,E,-2.9011508115204596
20 23,20,23,E,2.011459763131721
20 23,20,23,E,-0.10074919319938057
20 23,20,23,E,1.7923125762105765
20 23,20,23,E,-1.2252262991289278
20 23,20,23,E,-2.170288857815084
20 23,20,23,E,0.107480738028256
20 23,20,23,E,-2.244471325990506
20 23,20,23,E,-1.2106442434159994
20 23,20,23,E,-1.4744553103416989
20 23,20,23,E,0.5599986008536653
20 23,20,23,E,-1.2295243800123548
20 23,20,23,E,-2.591032797474827
20 23,20,23,E,-2.5055769759010187
20 23,20,23,E,-3.476594452899948
20 23,20,23,E,-1.766765541621107
20 23,20,23,E,-0.21255779112558074
20 23,20,23,E,-0.4831317636541822
20 23,20,23,E,0.3233342010292136
20 23,20,23,E,0.2826899091924038
20 23,20,23,E,-0.45537961215518397
20 23,20,23,E,-0.15803546059172746
20 23,20,23,E,-0.4111742200628443
20 23,20,23,E,-1.3225411971343664
20 23,20,23,E,-2.171620918109005
20 23,20,23,E,-0.040180356425339625
20 23,20,23,E,0.11427248815517846
20 23,20,23,E,-0.6814463796626005
20 23,20,23,NE,-1.056719499734478
20 23,20,23,NE,-1.4188959661514644
20 23,20,23,NE,-0.6282094515673631
20 23,20,23,NE,-1.2502542038853197
20 23,20,23,NE,-0.667650245032557
20 23,20,23,NE,-2.026185060987073
20 23,20,23,NE,-0.5052170212750688
20 23,20,23,NE,-1.844181892504037
20 23,20,23,NE,1.1071114681020489
20 23,20,23,NE,0.27618440965603225
20 23,20,23,NE,0.1667822644756917
20 23,20,23,NE,-0.608781932495292
20 23,20,23,NE,-1.3707178967256635
20 23,20,23,NE,-1.8532131080107475
20 23,20,23,NE,-0.7036899420223424
20 23,20,23,NE,-1.6613941203163964
20 23,20,23,NE,-0.5229767733250337
20 23,20,23,NE,-1.8421072890137051
20 23,20,23,NE,-0.8419418197603007
20 23,20,23,NE,-1.6059434478046362
20 23,20,23,NE,0.6882245646262185
20 23,20,23,NE,-0.2912759399243577
20 23,20,23,NE,-1.0493540582054182
20 23,20,23,NE,-1.7464300384642966
20 23,20,23,NE,-2.298395944100416
20 23,20,23,NE,0.6530414558485773
20 23,20,23,NE,0.42244782394105906
20 23,20,23,NE,1.3419649638542606
20 23,20,23,NE,1.4770945541482123
20 23,20,23,NE,-1.105243230622034
20 23,20,23,NE,-2.118687774114377
20 23,20,23,NE,-0.6164308100374722
20 23,20,23,NE,-2.005064601055166
20 23,20,23,NE,0.3352584443582485
20 23,20,23,NE,1.8139514214199002
20 23,20,23,NE,0.19466714739133634
20 23,20,23,NE,0.2457513024629128
20 23,20,23,NE,-0.568275572583188
20 23,20,23,NE,-1.866188539015338
20 23,20,23,NE,1.9507429363114928
20 23,20,23,NE,0.1657268315840224
20 23,20,23,NE,-1.1823648254441865
20 23,20,23,NE,-1.852272797364749
20 23,20,23,NE,-0.545945346945199
20 23,20,23,NE,-1.8191387153935397
20 23,20,23,NE,1.477106608800281
20 23,20,23,NE,-0.9023215076766237
20 23,20,23,NE,-1.1241156126766536
20 23,20,23,NE,-1.162127047118612
20 23,20,23,NE,-2.0618039576177987
20 23,20,23,NE,-0.9102744145286741
20 23,20,23,NE,-1.2156013516380046
20 23,20,23,NE,-3.422259742617454
20 23,20,23,NE,-1.034336782484344
20 23,20,23,NE,-2.1038339190759645
20 23,20,23,NE,-0.7300313120323795
20 23,20,23,NE,-1.15114727829379
20 23,20,23,NE,-0.2912759399243577
20 23,20,23,NE,0.9956853655809632
20 23,20,23,NE,-3.430737235372636
20 23,20,23,NE,0.47134977756744684
20 23,20,23,NE,-0.5972921242825894
20 23,20,23,NE,-1.9806270174292535
20 23,20,23,NE,1.6420793155123115
20 23,20,23,NE,-0.15339079845710749
20 23,20,23,NE,-0.5588682084084371
20 23,20,23,NE,-1.9332750578996505
20 23,20,23,NE,-0.8948323219752455
20 23,20,23,NE,-1.1316047983780317
20 23,20,23,NE,1.4085454485038422
20 23,20,23,NE,-0.20626427385286814
